<metadata xml:lang="en"><Esri><SyncOnce>FALSE</SyncOnce><ArcGISFormat>1.0</ArcGISFormat><DataProperties><lineage><Process ToolSource="c:\program files (x86)\arcgis\desktop10.5\ArcToolbox\Toolboxes\Data Management Tools.tbx\CalculateField" Date="20170612" Time="163815">CalculateField "Event Polygon" CreateName [created_user] VB #</Process><Process ToolSource="c:\program files (x86)\arcgis\desktop10.5\ArcToolbox\Toolboxes\Data Management Tools.tbx\CalculateField" Date="20170612" Time="163830">CalculateField "Event Polygon" CreateDate [created_date] VB #</Process><Process ToolSource="c:\program files (x86)\arcgis\desktop10.5\ArcToolbox\Toolboxes\Data Management Tools.tbx\CalculateField" Date="20170612" Time="163843">CalculateField "Event Polygon" EditName [last_edited_user] VB #</Process><Process ToolSource="c:\program files (x86)\arcgis\desktop10.5\ArcToolbox\Toolboxes\Data Management Tools.tbx\TruncateTable" Date="20180209" Time="153448">TruncateTable EventPolygon</Process><Process ToolSource="c:\program files (x86)\arcgis\desktop10.5\ArcToolbox\Toolboxes\Data Management Tools.tbx\TruncateTable" Date="20180221" Time="111741">TruncateTable EventPolygon</Process><Process ToolSource="c:\program files (x86)\arcgis\desktop10.5\ArcToolbox\Toolboxes\Data Management Tools.tbx\TruncateTable" Date="20180221" Time="111813">TruncateTable EventPolygon</Process><Process ToolSource="c:\program files\arcgis\pro\Resources\ArcToolbox\toolboxes\Data Management Tools.tbx\Append" Date="20201027" Time="145901">Append C:\Walker\Projects\NIFS_Symbology_Updates\Prototype_2021v0.2.gdb\IRPolygon "IR Polygon" "Use the Field Map to reconcile schema differences" "IncidentName "Incident Name" true true false 50 Text 0 0,First,#,C:\Walker\Projects\NIFS_Symbology_Updates\Prototype_2021v0.2.gdb\IRPolygon,IncidentName,0,50;FeatureCategory "FC IR Polygon Type" true true false 50 Text 0 0,First,#,C:\Walker\Projects\NIFS_Symbology_Updates\Prototype_2021v0.2.gdb\IRPolygon,Type,0,60;MapMethod "Map Method" true true false 25 Text 0 0,First,#,C:\Walker\Projects\NIFS_Symbology_Updates\Prototype_2021v0.2.gdb\IRPolygon,MapMethod,0,25;Comments "Comments" true true false 255 Text 0 0,First,#,C:\Walker\Projects\NIFS_Symbology_Updates\Prototype_2021v0.2.gdb\IRPolygon,Comments,0,255;GISAcres "Acres" true true false 8 Double 0 0,First,#,C:\Walker\Projects\NIFS_Symbology_Updates\Prototype_2021v0.2.gdb\IRPolygon,GISAcres,-1,-1;FeatureStatus "Feature Status" true true false 20 Text 0 0,First,#,C:\Walker\Projects\NIFS_Symbology_Updates\Prototype_2021v0.2.gdb\IRPolygon,FeatureStatus,0,20;ContactName "Contact Name" true true false 50 Text 0 0,First,#,C:\Walker\Projects\NIFS_Symbology_Updates\Prototype_2021v0.2.gdb\IRPolygon,ContactName,0,50;ContactEmail "Contact Email" true true false 50 Text 0 0,First,#,C:\Walker\Projects\NIFS_Symbology_Updates\Prototype_2021v0.2.gdb\IRPolygon,ContactEmail,0,50;ContactPhone "Contact Phone" true true false 25 Text 0 0,First,#,C:\Walker\Projects\NIFS_Symbology_Updates\Prototype_2021v0.2.gdb\IRPolygon,ContactPhone,0,25;PolygonDateTime "Polygon Date Time" true true false 8 Date 0 0,First,#,C:\Walker\Projects\NIFS_Symbology_Updates\Prototype_2021v0.2.gdb\IRPolygon,PolygonDateTime,-1,-1;IRWINID "IRWINID" true true false 50 Text 0 0,First,#,C:\Walker\Projects\NIFS_Symbology_Updates\Prototype_2021v0.2.gdb\IRPolygon,IRWINID,0,50;GlobalID "GlobalID" false false true 38 GlobalID 0 0,First,#,C:\Walker\Projects\NIFS_Symbology_Updates\Prototype_2021v0.2.gdb\IRPolygon,GlobalID,-1,-1" # #</Process><Process ToolSource="c:\program files\arcgis\pro\Resources\ArcToolbox\toolboxes\Data Management Tools.tbx\UpdateSchema" Date="20201028" Time="151320">UpdateSchema "CIMDATA=&lt;CIMStandardDataConnection xsi:type='typens:CIMStandardDataConnection' xmlns:xsi='http://www.w3.org/2001/XMLSchema-instance' xmlns:xs='http://www.w3.org/2001/XMLSchema' xmlns:typens='http://www.esri.com/schemas/ArcGIS/2.5.0'&gt;&lt;WorkspaceConnectionString&gt;DATABASE=C:\Walker\Projects\NIFS_Symbology_Updates\Prototype_2021v3.gdb&lt;/WorkspaceConnectionString&gt;&lt;WorkspaceFactory&gt;FileGDB&lt;/WorkspaceFactory&gt;&lt;Dataset&gt;IRPolygon&lt;/Dataset&gt;&lt;DatasetType&gt;esriDTFeatureClass&lt;/DatasetType&gt;&lt;/CIMStandardDataConnection&gt;" "&lt;operationSequence&gt;&lt;workflow&gt;&lt;DeleteField&gt;&lt;field_name&gt;Collector&lt;/field_name&gt;&lt;/DeleteField&gt;&lt;/workflow&gt;&lt;workflow&gt;&lt;AssignDefaultToField&gt;&lt;field_name&gt;FeatureCategory&lt;/field_name&gt;&lt;default_value&gt;IR Heat Perimeter&lt;/default_value&gt;&lt;/AssignDefaultToField&gt;&lt;/workflow&gt;&lt;/operationSequence&gt;"</Process><Process ToolSource="c:\program files\arcgis\pro\Resources\ArcToolbox\Toolboxes\Data Management Tools.tbx\UpdateSchema" Date="20201105" Time="133359">UpdateSchema "CIMDATA=&lt;CIMStandardDataConnection xsi:type='typens:CIMStandardDataConnection' xmlns:xsi='http://www.w3.org/2001/XMLSchema-instance' xmlns:xs='http://www.w3.org/2001/XMLSchema' xmlns:typens='http://www.esri.com/schemas/ArcGIS/2.6.0'&gt;&lt;WorkspaceConnectionString&gt;DATABASE=C:\Walker\Projects\NIFS_Symbology_Updates\Prototype_2021v3.gdb&lt;/WorkspaceConnectionString&gt;&lt;WorkspaceFactory&gt;FileGDB&lt;/WorkspaceFactory&gt;&lt;Dataset&gt;IRPolygon&lt;/Dataset&gt;&lt;DatasetType&gt;esriDTFeatureClass&lt;/DatasetType&gt;&lt;/CIMStandardDataConnection&gt;" "&lt;operationSequence&gt;&lt;workflow&gt;&lt;AlterField&gt;&lt;field_name&gt;ContactName&lt;/field_name&gt;&lt;field_alias&gt;IRIN Contact Name&lt;/field_alias&gt;&lt;field_type&gt;TEXT&lt;/field_type&gt;&lt;field_is_nullable&gt;True&lt;/field_is_nullable&gt;&lt;clear_field_alias&gt;False&lt;/clear_field_alias&gt;&lt;/AlterField&gt;&lt;/workflow&gt;&lt;workflow&gt;&lt;AlterField&gt;&lt;field_name&gt;ContactEmail&lt;/field_name&gt;&lt;field_alias&gt;IRIN Contact Email&lt;/field_alias&gt;&lt;field_type&gt;TEXT&lt;/field_type&gt;&lt;field_is_nullable&gt;True&lt;/field_is_nullable&gt;&lt;clear_field_alias&gt;False&lt;/clear_field_alias&gt;&lt;/AlterField&gt;&lt;/workflow&gt;&lt;workflow&gt;&lt;AlterField&gt;&lt;field_name&gt;ContactPhone&lt;/field_name&gt;&lt;field_alias&gt;IRIN Contact Phone&lt;/field_alias&gt;&lt;field_type&gt;TEXT&lt;/field_type&gt;&lt;field_is_nullable&gt;True&lt;/field_is_nullable&gt;&lt;clear_field_alias&gt;False&lt;/clear_field_alias&gt;&lt;/AlterField&gt;&lt;/workflow&gt;&lt;/operationSequence&gt;"</Process><Process Name="Truncate Table" ToolSource="c:\program files\arcgis\pro\Resources\ArcToolbox\toolboxes\Data Management Tools.tbx\TruncateTable" Date="20201204" Time="120338">TruncateTable C:\EventGDB_2021.gdb\IRPolygon</Process><Process ToolSource="c:\program files\arcgis\pro\Resources\ArcToolbox\toolboxes\Data Management Tools.tbx\Append" Date="20210805" Time="173148">Append D:\20210805_Schneider\Shapefiles\New\20210805_SchneiderSpringsMergerdDissolvedSinglePart.shp "IR Polygon" "Use the field map to reconcile field differences" "IncidentName "Incident Name" true true false 50 Text 0 0,First,#;FeatureCategory "FC IR Polygon Type" true true false 50 Text 0 0,First,#;MapMethod "Map Method" true true false 25 Text 0 0,First,#;Comments "Comments" true true false 255 Text 0 0,First,#;GISAcres "Acres" true true false 8 Double 0 0,First,#;FeatureStatus "Feature Status" true true false 20 Text 0 0,First,#;ContactName "IRIN Contact Name" true true false 50 Text 0 0,First,#;ContactEmail "IRIN Contact Email" true true false 50 Text 0 0,First,#;ContactPhone "IRIN Contact Phone" true true false 25 Text 0 0,First,#;PolygonDateTime "Polygon Date Time" true true false 8 Date 0 0,First,#;IRWINID "IRWINID" true true false 50 Text 0 0,First,#;GlobalID "GlobalID" false false true 38 GlobalID 0 0,First,#" # #</Process><Process ToolSource="c:\program files\arcgis\pro\Resources\ArcToolbox\toolboxes\Data Management Tools.tbx\CalculateGeometryAttributes" Date="20210805" Time="173828">CalculateGeometryAttributes "IR Polygon" "GISAcres AREA_GEODESIC" # Acres PROJCS["NAD_1983_UTM_Zone_10N",GEOGCS["GCS_North_American_1983",DATUM["D_North_American_1983",SPHEROID["GRS_1980",6378137.0,298.257222101]],PRIMEM["Greenwich",0.0],UNIT["Degree",0.0174532925199433]],PROJECTION["Transverse_Mercator"],PARAMETER["False_Easting",500000.0],PARAMETER["False_Northing",0.0],PARAMETER["Central_Meridian",-123.0],PARAMETER["Scale_Factor",0.9996],PARAMETER["Latitude_Of_Origin",0.0],UNIT["Meter",1.0]] "Same as input"</Process><Process ToolSource="c:\program files\arcgis\pro\Resources\ArcToolbox\toolboxes\Data Management Tools.tbx\CopyFeatures" Date="20210805" Time="173830">CopyFeatures "IR Polygon" D:\20210805_Schneider\Outputs\20210806_Schneider_IR\20210805_1230_Schneider_HeatPerimeter.shp # # # #</Process><Process Name="Add Fields (multiple)" ToolSource="c:\program files\arcgis\pro\Resources\ArcToolbox\toolboxes\Data Management Tools.tbx\AddFields" Date="20240913" Time="011502">AddFields 20210806_5_1230_Schneider_wgsv "Incident_C TEXT # 255 # #;Incident_N TEXT # 255 # #;Date TEXT # 255 # #;DateFlown TEXT # 255 # #;TimeFlown TEXT # 255 # #;TimeZone TEXT # 255 # #" #</Process><Process Name="Calculate Field" ToolSource="c:\program files\arcgis\pro\Resources\ArcToolbox\toolboxes\Data Management Tools.tbx\CalculateField" Date="20240913" Time="011503">CalculateField 20210806_5_1230_Schneider_wgsv Incident_C "WA-OWF-000453_SchneiderSprings" Python # Text NO_ENFORCE_DOMAINS</Process><Process Name="Calculate Field (2)" ToolSource="c:\program files\arcgis\pro\Resources\ArcToolbox\toolboxes\Data Management Tools.tbx\CalculateField" Date="20240913" Time="011503">CalculateField 20210806_5_1230_Schneider_wgsv Incident_N "SchneiderSprings" Python # Text NO_ENFORCE_DOMAINS</Process><Process Name="Calculate Field (3)" ToolSource="c:\program files\arcgis\pro\Resources\ArcToolbox\toolboxes\Data Management Tools.tbx\CalculateField" Date="20240913" Time="011504">CalculateField 20210806_5_1230_Schneider_wgsv IncidentNa "SchneiderSprings" Python # Text NO_ENFORCE_DOMAINS</Process><Process Name="Calculate Field (4)" ToolSource="c:\program files\arcgis\pro\Resources\ArcToolbox\toolboxes\Data Management Tools.tbx\CalculateField" Date="20240913" Time="011504">CalculateField 20210806_5_1230_Schneider_wgsv TimeZone "PDT" Python # Text NO_ENFORCE_DOMAINS</Process><Process ToolSource="c:\program files\arcgis\pro\Resources\ArcToolbox\toolboxes\Data Management Tools.tbx\Merge" Date="20240913" Time="131833">Merge 20210806_5_1230_Schneider_wgsv;'20210808_1700_Schneider Springs_wgsv';20210810_09_1700_Schneider_wgsv;20210811_0_1745_Schneider_wgsv;20210812_1_1720_Schneider_wgsv;20210813_2_1815_Schneider_wgsv;20210814_3_1800_Schneider_wgsv;20210815_4_1800_Schneider_wgsv;20210816_5_2200_Schneider_wgsv;20210817_6_1600_Schneider_wgsv;20210818_7_1700_Schneider_wgsv;20210819_8_2330_Schneider_wgsv;20210820_19_1630_Schneider_wgsv;20210822_1_2200_Schneider_wgsv;20210823_2_1610_Schneider_wgsv;20210825_4_1747_Schneider_wgsv;20210826_5_1715_Schneider_wgsv;20210827_6_1800_Schneider_wgsv;20210828_7_1630_Schneider_wgsv;20210829_8_1600_Schneider_wgsv;20210830_29_1530_Schneider_wgsv;20210831_0_2300_Schneider_wgsv;20210901_831_1815_Schneider_wgsv;20210902_1_1820_Schneider_wgsv;20210903_2_2305_Schneider_wgsv;20210905_4_1930_Schneider_wgsv;20210906_5_2030_Schneider_wgsv;20210907_6_2030_Schneider_wgsv;20210908_7_2315_Schneider_wgsv;20210909_8_1120_Schneider_wgsv;20210910_0040_Schneider_wgsv;20210912_1_2130_Schneider_wgsv;20210913_2_2215_Schneider_wgsv;20210914_3_2235_Schneider_wgsv;20210917_6_2212_Schneider_wgsv;20210921_0_2025_Schneider_wgsv;20210922_1_2105_Schneider_wgsv;20210924_3_2130_Schneider_wgsv;20210925_4_2340_Schneider_wgsv;20210926_5_2140_Schneider_wgsv;20211001_1940_Schneider_wgsv;20211005_4_1950_Schneider_wgsv C:\__School\2024_Summer\NIROPS\pacific_nw\pacific_nw_2021\pacific_nw_2021\pacific_nw_WA\pacific_nw_WA.gdb\Schneider2021 "IncidentNa "IncidentNa" true true false 50 Text 0 0,First,#,20210806_5_1230_Schneider_wgsv,IncidentNa,0,49,20210808_1700_Schneider Springs_wgsv,IncidentNa,0,49,20210810_09_1700_Schneider_wgsv,IncidentNa,0,49,20210811_0_1745_Schneider_wgsv,IncidentNa,0,49,20210812_1_1720_Schneider_wgsv,IncidentNa,0,49,20210813_2_1815_Schneider_wgsv,IncidentNa,0,49,20210814_3_1800_Schneider_wgsv,IncidentNa,0,49,20210815_4_1800_Schneider_wgsv,IncidentNa,0,49,20210816_5_2200_Schneider_wgsv,IncidentNa,0,253,20210817_6_1600_Schneider_wgsv,IncidentNa,0,49,20210818_7_1700_Schneider_wgsv,IncidentNa,0,49,20210819_8_2330_Schneider_wgsv,IncidentNa,0,49,20210820_19_1630_Schneider_wgsv,IncidentNa,0,49,20210822_1_2200_Schneider_wgsv,IncidentNa,0,49,20210823_2_1610_Schneider_wgsv,IncidentNa,0,49,20210825_4_1747_Schneider_wgsv,IncidentNa,0,49,20210826_5_1715_Schneider_wgsv,IncidentNa,0,49,20210827_6_1800_Schneider_wgsv,IncidentNa,0,49,20210828_7_1630_Schneider_wgsv,IncidentNa,0,49,20210829_8_1600_Schneider_wgsv,IncidentNa,0,49,20210830_29_1530_Schneider_wgsv,IncidentNa,0,49,20210831_0_2300_Schneider_wgsv,IncidentNa,0,49,20210901_831_1815_Schneider_wgsv,IncidentNa,0,49,20210902_1_1820_Schneider_wgsv,IncidentNa,0,49,20210903_2_2305_Schneider_wgsv,IncidentNa,0,49,20210905_4_1930_Schneider_wgsv,IncidentNa,0,49,20210906_5_2030_Schneider_wgsv,IncidentNa,0,49,20210907_6_2030_Schneider_wgsv,IncidentNa,0,49,20210908_7_2315_Schneider_wgsv,IncidentNa,0,49,20210909_8_1120_Schneider_wgsv,IncidentNa,0,49,20210910_0040_Schneider_wgsv,IncidentNa,0,49,20210912_1_2130_Schneider_wgsv,IncidentNa,0,49,20210913_2_2215_Schneider_wgsv,IncidentNa,0,49,20210914_3_2235_Schneider_wgsv,IncidentNa,0,49,20210917_6_2212_Schneider_wgsv,IncidentNa,0,49,20210921_0_2025_Schneider_wgsv,IncidentNa,0,49,20210922_1_2105_Schneider_wgsv,IncidentNa,0,49,20210924_3_2130_Schneider_wgsv,IncidentNa,0,49,20210925_4_2340_Schneider_wgsv,IncidentNa,0,49,20210926_5_2140_Schneider_wgsv,IncidentNa,0,49,20211001_1940_Schneider_wgsv,IncidentNa,0,49,20211005_4_1950_Schneider_wgsv,IncidentNa,0,49;FeatureCat "FeatureCat" true true false 50 Text 0 0,First,#,20210806_5_1230_Schneider_wgsv,FeatureCat,0,49,20210808_1700_Schneider Springs_wgsv,FeatureCat,0,49,20210810_09_1700_Schneider_wgsv,FeatureCat,0,49,20210811_0_1745_Schneider_wgsv,FeatureCat,0,49,20210812_1_1720_Schneider_wgsv,FeatureCat,0,49,20210813_2_1815_Schneider_wgsv,FeatureCat,0,49,20210814_3_1800_Schneider_wgsv,FeatureCat,0,49,20210815_4_1800_Schneider_wgsv,FeatureCat,0,49,20210817_6_1600_Schneider_wgsv,FeatureCat,0,49,20210818_7_1700_Schneider_wgsv,FeatureCat,0,49,20210819_8_2330_Schneider_wgsv,FeatureCat,0,49,20210820_19_1630_Schneider_wgsv,FeatureCat,0,49,20210822_1_2200_Schneider_wgsv,FeatureCat,0,49,20210823_2_1610_Schneider_wgsv,FeatureCat,0,49,20210825_4_1747_Schneider_wgsv,FeatureCat,0,49,20210826_5_1715_Schneider_wgsv,FeatureCat,0,49,20210827_6_1800_Schneider_wgsv,FeatureCat,0,49,20210828_7_1630_Schneider_wgsv,FeatureCat,0,49,20210829_8_1600_Schneider_wgsv,FeatureCat,0,49,20210830_29_1530_Schneider_wgsv,FeatureCat,0,49,20210831_0_2300_Schneider_wgsv,FeatureCat,0,49,20210901_831_1815_Schneider_wgsv,FeatureCat,0,49,20210902_1_1820_Schneider_wgsv,FeatureCat,0,49,20210903_2_2305_Schneider_wgsv,FeatureCat,0,49,20210905_4_1930_Schneider_wgsv,FeatureCat,0,49,20210906_5_2030_Schneider_wgsv,FeatureCat,0,49,20210907_6_2030_Schneider_wgsv,FeatureCat,0,49,20210908_7_2315_Schneider_wgsv,FeatureCat,0,49,20210909_8_1120_Schneider_wgsv,FeatureCat,0,49,20210910_0040_Schneider_wgsv,FeatureCat,0,49,20210912_1_2130_Schneider_wgsv,FeatureCat,0,49,20210913_2_2215_Schneider_wgsv,FeatureCat,0,49,20210914_3_2235_Schneider_wgsv,FeatureCat,0,49,20210917_6_2212_Schneider_wgsv,FeatureCat,0,49,20210921_0_2025_Schneider_wgsv,FeatureCat,0,49,20210922_1_2105_Schneider_wgsv,FeatureCat,0,49,20210924_3_2130_Schneider_wgsv,FeatureCat,0,49,20210925_4_2340_Schneider_wgsv,FeatureCat,0,49,20210926_5_2140_Schneider_wgsv,FeatureCat,0,49,20211001_1940_Schneider_wgsv,FeatureCat,0,49,20211005_4_1950_Schneider_wgsv,FeatureCat,0,49;MapMethod "MapMethod" true true false 25 Text 0 0,First,#,20210806_5_1230_Schneider_wgsv,MapMethod,0,24,20210808_1700_Schneider Springs_wgsv,MapMethod,0,24,20210810_09_1700_Schneider_wgsv,MapMethod,0,24,20210811_0_1745_Schneider_wgsv,MapMethod,0,24,20210812_1_1720_Schneider_wgsv,MapMethod,0,24,20210813_2_1815_Schneider_wgsv,MapMethod,0,24,20210814_3_1800_Schneider_wgsv,MapMethod,0,24,20210815_4_1800_Schneider_wgsv,MapMethod,0,24,20210817_6_1600_Schneider_wgsv,MapMethod,0,24,20210818_7_1700_Schneider_wgsv,MapMethod,0,24,20210819_8_2330_Schneider_wgsv,MapMethod,0,24,20210820_19_1630_Schneider_wgsv,MapMethod,0,24,20210822_1_2200_Schneider_wgsv,MapMethod,0,24,20210823_2_1610_Schneider_wgsv,MapMethod,0,24,20210825_4_1747_Schneider_wgsv,MapMethod,0,24,20210826_5_1715_Schneider_wgsv,MapMethod,0,24,20210827_6_1800_Schneider_wgsv,MapMethod,0,24,20210828_7_1630_Schneider_wgsv,MapMethod,0,24,20210829_8_1600_Schneider_wgsv,MapMethod,0,24,20210830_29_1530_Schneider_wgsv,MapMethod,0,24,20210831_0_2300_Schneider_wgsv,MapMethod,0,24,20210901_831_1815_Schneider_wgsv,MapMethod,0,24,20210902_1_1820_Schneider_wgsv,MapMethod,0,24,20210903_2_2305_Schneider_wgsv,MapMethod,0,24,20210905_4_1930_Schneider_wgsv,MapMethod,0,24,20210906_5_2030_Schneider_wgsv,MapMethod,0,24,20210907_6_2030_Schneider_wgsv,MapMethod,0,24,20210908_7_2315_Schneider_wgsv,MapMethod,0,24,20210909_8_1120_Schneider_wgsv,MapMethod,0,24,20210910_0040_Schneider_wgsv,MapMethod,0,24,20210912_1_2130_Schneider_wgsv,MapMethod,0,24,20210913_2_2215_Schneider_wgsv,MapMethod,0,24,20210914_3_2235_Schneider_wgsv,MapMethod,0,24,20210917_6_2212_Schneider_wgsv,MapMethod,0,24,20210921_0_2025_Schneider_wgsv,MapMethod,0,24,20210922_1_2105_Schneider_wgsv,MapMethod,0,24,20210924_3_2130_Schneider_wgsv,MapMethod,0,24,20210925_4_2340_Schneider_wgsv,MapMethod,0,24,20210926_5_2140_Schneider_wgsv,MapMethod,0,24,20211001_1940_Schneider_wgsv,MapMethod,0,24,20211005_4_1950_Schneider_wgsv,MapMethod,0,24;Comments "Comments" true true false 254 Text 0 0,First,#,20210806_5_1230_Schneider_wgsv,Comments,0,253,20210808_1700_Schneider Springs_wgsv,Comments,0,253,20210810_09_1700_Schneider_wgsv,Comments,0,253,20210811_0_1745_Schneider_wgsv,Comments,0,253,20210812_1_1720_Schneider_wgsv,Comments,0,253,20210813_2_1815_Schneider_wgsv,Comments,0,253,20210814_3_1800_Schneider_wgsv,Comments,0,253,20210815_4_1800_Schneider_wgsv,Comments,0,253,20210817_6_1600_Schneider_wgsv,Comments,0,253,20210818_7_1700_Schneider_wgsv,Comments,0,253,20210819_8_2330_Schneider_wgsv,Comments,0,253,20210820_19_1630_Schneider_wgsv,Comments,0,253,20210822_1_2200_Schneider_wgsv,Comments,0,253,20210823_2_1610_Schneider_wgsv,Comments,0,253,20210825_4_1747_Schneider_wgsv,Comments,0,253,20210826_5_1715_Schneider_wgsv,Comments,0,253,20210827_6_1800_Schneider_wgsv,Comments,0,253,20210828_7_1630_Schneider_wgsv,Comments,0,253,20210829_8_1600_Schneider_wgsv,Comments,0,253,20210830_29_1530_Schneider_wgsv,Comments,0,253,20210831_0_2300_Schneider_wgsv,Comments,0,253,20210901_831_1815_Schneider_wgsv,Comments,0,253,20210902_1_1820_Schneider_wgsv,Comments,0,253,20210903_2_2305_Schneider_wgsv,Comments,0,253,20210905_4_1930_Schneider_wgsv,Comments,0,253,20210906_5_2030_Schneider_wgsv,Comments,0,253,20210907_6_2030_Schneider_wgsv,Comments,0,253,20210908_7_2315_Schneider_wgsv,Comments,0,253,20210909_8_1120_Schneider_wgsv,Comments,0,253,20210910_0040_Schneider_wgsv,Comments,0,253,20210912_1_2130_Schneider_wgsv,Comments,0,253,20210913_2_2215_Schneider_wgsv,Comments,0,253,20210914_3_2235_Schneider_wgsv,Comments,0,253,20210917_6_2212_Schneider_wgsv,Comments,0,253,20210921_0_2025_Schneider_wgsv,Comments,0,253,20210922_1_2105_Schneider_wgsv,Comments,0,253,20210924_3_2130_Schneider_wgsv,Comments,0,253,20210925_4_2340_Schneider_wgsv,Comments,0,253,20210926_5_2140_Schneider_wgsv,Comments,0,253,20211001_1940_Schneider_wgsv,Comments,0,253,20211005_4_1950_Schneider_wgsv,Comments,0,253;GISAcres "GISAcres" true true false 19 Double 0 0,First,#,20210806_5_1230_Schneider_wgsv,GISAcres,-1,-1,20210808_1700_Schneider Springs_wgsv,GISAcres,-1,-1,20210810_09_1700_Schneider_wgsv,GISAcres,-1,-1,20210811_0_1745_Schneider_wgsv,GISAcres,-1,-1,20210812_1_1720_Schneider_wgsv,GISAcres,-1,-1,20210813_2_1815_Schneider_wgsv,GISAcres,-1,-1,20210814_3_1800_Schneider_wgsv,GISAcres,-1,-1,20210815_4_1800_Schneider_wgsv,GISAcres,-1,-1,20210817_6_1600_Schneider_wgsv,GISAcres,-1,-1,20210818_7_1700_Schneider_wgsv,GISAcres,-1,-1,20210819_8_2330_Schneider_wgsv,GISAcres,-1,-1,20210820_19_1630_Schneider_wgsv,GISAcres,-1,-1,20210822_1_2200_Schneider_wgsv,GISAcres,-1,-1,20210823_2_1610_Schneider_wgsv,GISAcres,-1,-1,20210825_4_1747_Schneider_wgsv,GISAcres,-1,-1,20210826_5_1715_Schneider_wgsv,GISAcres,-1,-1,20210827_6_1800_Schneider_wgsv,GISAcres,-1,-1,20210828_7_1630_Schneider_wgsv,GISAcres,-1,-1,20210829_8_1600_Schneider_wgsv,GISAcres,-1,-1,20210830_29_1530_Schneider_wgsv,GISAcres,-1,-1,20210831_0_2300_Schneider_wgsv,GISAcres,-1,-1,20210901_831_1815_Schneider_wgsv,GISAcres,-1,-1,20210902_1_1820_Schneider_wgsv,GISAcres,-1,-1,20210903_2_2305_Schneider_wgsv,GISAcres,-1,-1,20210905_4_1930_Schneider_wgsv,GISAcres,-1,-1,20210906_5_2030_Schneider_wgsv,GISAcres,-1,-1,20210907_6_2030_Schneider_wgsv,GISAcres,-1,-1,20210908_7_2315_Schneider_wgsv,GISAcres,-1,-1,20210909_8_1120_Schneider_wgsv,GISAcres,-1,-1,20210910_0040_Schneider_wgsv,GISAcres,-1,-1,20210912_1_2130_Schneider_wgsv,GISAcres,-1,-1,20210913_2_2215_Schneider_wgsv,GISAcres,-1,-1,20210914_3_2235_Schneider_wgsv,GISAcres,-1,-1,20210917_6_2212_Schneider_wgsv,GISAcres,-1,-1,20210921_0_2025_Schneider_wgsv,GISAcres,-1,-1,20210922_1_2105_Schneider_wgsv,GISAcres,-1,-1,20210924_3_2130_Schneider_wgsv,GISAcres,-1,-1,20210925_4_2340_Schneider_wgsv,GISAcres,-1,-1,20210926_5_2140_Schneider_wgsv,GISAcres,-1,-1,20211001_1940_Schneider_wgsv,GISAcres,-1,-1,20211005_4_1950_Schneider_wgsv,GISAcres,-1,-1;FeatureSta "FeatureSta" true true false 20 Text 0 0,First,#,20210806_5_1230_Schneider_wgsv,FeatureSta,0,19,20210808_1700_Schneider Springs_wgsv,FeatureSta,0,19,20210810_09_1700_Schneider_wgsv,FeatureSta,0,19,20210811_0_1745_Schneider_wgsv,FeatureSta,0,19,20210812_1_1720_Schneider_wgsv,FeatureSta,0,19,20210813_2_1815_Schneider_wgsv,FeatureSta,0,19,20210814_3_1800_Schneider_wgsv,FeatureSta,0,19,20210815_4_1800_Schneider_wgsv,FeatureSta,0,19,20210817_6_1600_Schneider_wgsv,FeatureSta,0,19,20210818_7_1700_Schneider_wgsv,FeatureSta,0,19,20210819_8_2330_Schneider_wgsv,FeatureSta,0,19,20210820_19_1630_Schneider_wgsv,FeatureSta,0,19,20210822_1_2200_Schneider_wgsv,FeatureSta,0,19,20210823_2_1610_Schneider_wgsv,FeatureSta,0,19,20210825_4_1747_Schneider_wgsv,FeatureSta,0,19,20210826_5_1715_Schneider_wgsv,FeatureSta,0,19,20210827_6_1800_Schneider_wgsv,FeatureSta,0,19,20210828_7_1630_Schneider_wgsv,FeatureSta,0,19,20210829_8_1600_Schneider_wgsv,FeatureSta,0,19,20210830_29_1530_Schneider_wgsv,FeatureSta,0,19,20210831_0_2300_Schneider_wgsv,FeatureSta,0,19,20210901_831_1815_Schneider_wgsv,FeatureSta,0,19,20210902_1_1820_Schneider_wgsv,FeatureSta,0,19,20210903_2_2305_Schneider_wgsv,FeatureSta,0,19,20210905_4_1930_Schneider_wgsv,FeatureSta,0,19,20210906_5_2030_Schneider_wgsv,FeatureSta,0,19,20210907_6_2030_Schneider_wgsv,FeatureSta,0,19,20210908_7_2315_Schneider_wgsv,FeatureSta,0,19,20210909_8_1120_Schneider_wgsv,FeatureSta,0,19,20210910_0040_Schneider_wgsv,FeatureSta,0,19,20210912_1_2130_Schneider_wgsv,FeatureSta,0,19,20210913_2_2215_Schneider_wgsv,FeatureSta,0,19,20210914_3_2235_Schneider_wgsv,FeatureSta,0,19,20210917_6_2212_Schneider_wgsv,FeatureSta,0,19,20210921_0_2025_Schneider_wgsv,FeatureSta,0,19,20210922_1_2105_Schneider_wgsv,FeatureSta,0,19,20210924_3_2130_Schneider_wgsv,FeatureSta,0,19,20210925_4_2340_Schneider_wgsv,FeatureSta,0,19,20210926_5_2140_Schneider_wgsv,FeatureSta,0,19,20211001_1940_Schneider_wgsv,FeatureSta,0,19,20211005_4_1950_Schneider_wgsv,FeatureSta,0,19;CreateName "CreateName" true true false 50 Text 0 0,First,#,20210806_5_1230_Schneider_wgsv,CreateName,0,49,20210808_1700_Schneider Springs_wgsv,CreateName,0,49,20210810_09_1700_Schneider_wgsv,CreateName,0,49,20210811_0_1745_Schneider_wgsv,CreateName,0,49,20210812_1_1720_Schneider_wgsv,CreateName,0,49,20210813_2_1815_Schneider_wgsv,CreateName,0,49,20210814_3_1800_Schneider_wgsv,CreateName,0,49,20210815_4_1800_Schneider_wgsv,CreateName,0,49,20210817_6_1600_Schneider_wgsv,CreateName,0,49,20210818_7_1700_Schneider_wgsv,CreateName,0,49,20210819_8_2330_Schneider_wgsv,CreateName,0,49,20210820_19_1630_Schneider_wgsv,CreateName,0,49,20210822_1_2200_Schneider_wgsv,CreateName,0,49,20210823_2_1610_Schneider_wgsv,CreateName,0,49,20210825_4_1747_Schneider_wgsv,CreateName,0,49,20210826_5_1715_Schneider_wgsv,CreateName,0,49,20210827_6_1800_Schneider_wgsv,CreateName,0,49,20210828_7_1630_Schneider_wgsv,CreateName,0,49,20210829_8_1600_Schneider_wgsv,CreateName,0,49,20210830_29_1530_Schneider_wgsv,CreateName,0,49,20210831_0_2300_Schneider_wgsv,CreateName,0,49,20210901_831_1815_Schneider_wgsv,CreateName,0,49,20210902_1_1820_Schneider_wgsv,CreateName,0,49,20210903_2_2305_Schneider_wgsv,CreateName,0,49,20210905_4_1930_Schneider_wgsv,CreateName,0,49,20210906_5_2030_Schneider_wgsv,CreateName,0,49,20210907_6_2030_Schneider_wgsv,CreateName,0,49,20210908_7_2315_Schneider_wgsv,CreateName,0,49,20210909_8_1120_Schneider_wgsv,CreateName,0,49,20210910_0040_Schneider_wgsv,CreateName,0,49,20210912_1_2130_Schneider_wgsv,CreateName,0,49,20210913_2_2215_Schneider_wgsv,CreateName,0,49,20210914_3_2235_Schneider_wgsv,CreateName,0,49,20210917_6_2212_Schneider_wgsv,CreateName,0,49,20210921_0_2025_Schneider_wgsv,CreateName,0,49,20210922_1_2105_Schneider_wgsv,CreateName,0,49,20210924_3_2130_Schneider_wgsv,CreateName,0,49,20210925_4_2340_Schneider_wgsv,CreateName,0,49,20210926_5_2140_Schneider_wgsv,CreateName,0,49,20211001_1940_Schneider_wgsv,CreateName,0,49,20211005_4_1950_Schneider_wgsv,CreateName,0,49;CreateDate "CreateDate" true true false 8 Date 0 0,First,#,20210806_5_1230_Schneider_wgsv,CreateDate,-1,-1,20210808_1700_Schneider Springs_wgsv,CreateDate,-1,-1,20210810_09_1700_Schneider_wgsv,CreateDate,-1,-1,20210811_0_1745_Schneider_wgsv,CreateDate,-1,-1,20210812_1_1720_Schneider_wgsv,CreateDate,-1,-1,20210813_2_1815_Schneider_wgsv,CreateDate,-1,-1,20210814_3_1800_Schneider_wgsv,CreateDate,-1,-1,20210815_4_1800_Schneider_wgsv,CreateDate,-1,-1,20210817_6_1600_Schneider_wgsv,CreateDate,-1,-1,20210818_7_1700_Schneider_wgsv,CreateDate,-1,-1,20210819_8_2330_Schneider_wgsv,CreateDate,-1,-1,20210820_19_1630_Schneider_wgsv,CreateDate,-1,-1,20210822_1_2200_Schneider_wgsv,CreateDate,-1,-1,20210823_2_1610_Schneider_wgsv,CreateDate,-1,-1,20210825_4_1747_Schneider_wgsv,CreateDate,-1,-1,20210826_5_1715_Schneider_wgsv,CreateDate,-1,-1,20210827_6_1800_Schneider_wgsv,CreateDate,-1,-1,20210828_7_1630_Schneider_wgsv,CreateDate,-1,-1,20210829_8_1600_Schneider_wgsv,CreateDate,-1,-1,20210830_29_1530_Schneider_wgsv,CreateDate,-1,-1,20210831_0_2300_Schneider_wgsv,CreateDate,-1,-1,20210901_831_1815_Schneider_wgsv,CreateDate,-1,-1,20210902_1_1820_Schneider_wgsv,CreateDate,-1,-1,20210903_2_2305_Schneider_wgsv,CreateDate,-1,-1,20210905_4_1930_Schneider_wgsv,CreateDate,-1,-1,20210906_5_2030_Schneider_wgsv,CreateDate,-1,-1,20210907_6_2030_Schneider_wgsv,CreateDate,-1,-1,20210908_7_2315_Schneider_wgsv,CreateDate,-1,-1,20210909_8_1120_Schneider_wgsv,CreateDate,-1,-1,20210910_0040_Schneider_wgsv,CreateDate,-1,-1,20210912_1_2130_Schneider_wgsv,CreateDate,-1,-1,20210913_2_2215_Schneider_wgsv,CreateDate,-1,-1,20210914_3_2235_Schneider_wgsv,CreateDate,-1,-1,20210917_6_2212_Schneider_wgsv,CreateDate,-1,-1,20210921_0_2025_Schneider_wgsv,CreateDate,-1,-1,20210922_1_2105_Schneider_wgsv,CreateDate,-1,-1,20210924_3_2130_Schneider_wgsv,CreateDate,-1,-1,20210925_4_2340_Schneider_wgsv,CreateDate,-1,-1,20210926_5_2140_Schneider_wgsv,CreateDate,-1,-1,20211001_1940_Schneider_wgsv,CreateDate,-1,-1,20211005_4_1950_Schneider_wgsv,CreateDate,-1,-1;EditName "EditName" true true false 50 Text 0 0,First,#,20210806_5_1230_Schneider_wgsv,EditName,0,49,20210808_1700_Schneider Springs_wgsv,EditName,0,49,20210810_09_1700_Schneider_wgsv,EditName,0,49,20210811_0_1745_Schneider_wgsv,EditName,0,49,20210812_1_1720_Schneider_wgsv,EditName,0,49,20210813_2_1815_Schneider_wgsv,EditName,0,49,20210814_3_1800_Schneider_wgsv,EditName,0,49,20210815_4_1800_Schneider_wgsv,EditName,0,49,20210817_6_1600_Schneider_wgsv,EditName,0,49,20210818_7_1700_Schneider_wgsv,EditName,0,49,20210819_8_2330_Schneider_wgsv,EditName,0,49,20210820_19_1630_Schneider_wgsv,EditName,0,49,20210822_1_2200_Schneider_wgsv,EditName,0,49,20210823_2_1610_Schneider_wgsv,EditName,0,49,20210825_4_1747_Schneider_wgsv,EditName,0,49,20210826_5_1715_Schneider_wgsv,EditName,0,49,20210827_6_1800_Schneider_wgsv,EditName,0,49,20210828_7_1630_Schneider_wgsv,EditName,0,49,20210829_8_1600_Schneider_wgsv,EditName,0,49,20210830_29_1530_Schneider_wgsv,EditName,0,49,20210831_0_2300_Schneider_wgsv,EditName,0,49,20210901_831_1815_Schneider_wgsv,EditName,0,49,20210902_1_1820_Schneider_wgsv,EditName,0,49,20210903_2_2305_Schneider_wgsv,EditName,0,49,20210905_4_1930_Schneider_wgsv,EditName,0,49,20210906_5_2030_Schneider_wgsv,EditName,0,49,20210907_6_2030_Schneider_wgsv,EditName,0,49,20210908_7_2315_Schneider_wgsv,EditName,0,49,20210909_8_1120_Schneider_wgsv,EditName,0,49,20210910_0040_Schneider_wgsv,EditName,0,49,20210912_1_2130_Schneider_wgsv,EditName,0,49,20210913_2_2215_Schneider_wgsv,EditName,0,49,20210914_3_2235_Schneider_wgsv,EditName,0,49,20210917_6_2212_Schneider_wgsv,EditName,0,49,20210921_0_2025_Schneider_wgsv,EditName,0,49,20210922_1_2105_Schneider_wgsv,EditName,0,49,20210924_3_2130_Schneider_wgsv,EditName,0,49,20210925_4_2340_Schneider_wgsv,EditName,0,49,20210926_5_2140_Schneider_wgsv,EditName,0,49,20211001_1940_Schneider_wgsv,EditName,0,49,20211005_4_1950_Schneider_wgsv,EditName,0,49;DateCurren "DateCurren" true true false 8 Date 0 0,First,#,20210806_5_1230_Schneider_wgsv,DateCurren,-1,-1,20210808_1700_Schneider Springs_wgsv,DateCurren,-1,-1,20210810_09_1700_Schneider_wgsv,DateCurren,-1,-1,20210811_0_1745_Schneider_wgsv,DateCurren,-1,-1,20210812_1_1720_Schneider_wgsv,DateCurren,-1,-1,20210813_2_1815_Schneider_wgsv,DateCurren,-1,-1,20210814_3_1800_Schneider_wgsv,DateCurren,-1,-1,20210815_4_1800_Schneider_wgsv,DateCurren,-1,-1,20210817_6_1600_Schneider_wgsv,DateCurren,-1,-1,20210818_7_1700_Schneider_wgsv,DateCurren,-1,-1,20210819_8_2330_Schneider_wgsv,DateCurren,-1,-1,20210820_19_1630_Schneider_wgsv,DateCurren,-1,-1,20210822_1_2200_Schneider_wgsv,DateCurren,-1,-1,20210823_2_1610_Schneider_wgsv,DateCurren,-1,-1,20210825_4_1747_Schneider_wgsv,DateCurren,-1,-1,20210826_5_1715_Schneider_wgsv,DateCurren,-1,-1,20210827_6_1800_Schneider_wgsv,DateCurren,-1,-1,20210828_7_1630_Schneider_wgsv,DateCurren,-1,-1,20210829_8_1600_Schneider_wgsv,DateCurren,-1,-1,20210830_29_1530_Schneider_wgsv,DateCurren,-1,-1,20210831_0_2300_Schneider_wgsv,DateCurren,-1,-1,20210901_831_1815_Schneider_wgsv,DateCurren,-1,-1,20210902_1_1820_Schneider_wgsv,DateCurren,-1,-1,20210903_2_2305_Schneider_wgsv,DateCurren,-1,-1,20210905_4_1930_Schneider_wgsv,DateCurren,-1,-1,20210906_5_2030_Schneider_wgsv,DateCurren,-1,-1,20210907_6_2030_Schneider_wgsv,DateCurren,-1,-1,20210908_7_2315_Schneider_wgsv,DateCurren,-1,-1,20210909_8_1120_Schneider_wgsv,DateCurren,-1,-1,20210910_0040_Schneider_wgsv,DateCurren,-1,-1,20210912_1_2130_Schneider_wgsv,DateCurren,-1,-1,20210913_2_2215_Schneider_wgsv,DateCurren,-1,-1,20210914_3_2235_Schneider_wgsv,DateCurren,-1,-1,20210917_6_2212_Schneider_wgsv,DateCurren,-1,-1,20210921_0_2025_Schneider_wgsv,DateCurren,-1,-1,20210922_1_2105_Schneider_wgsv,DateCurren,-1,-1,20210924_3_2130_Schneider_wgsv,DateCurren,-1,-1,20210925_4_2340_Schneider_wgsv,DateCurren,-1,-1,20210926_5_2140_Schneider_wgsv,DateCurren,-1,-1,20211001_1940_Schneider_wgsv,DateCurren,-1,-1,20211005_4_1950_Schneider_wgsv,DateCurren,-1,-1;ContactNam "ContactNam" true true false 50 Text 0 0,First,#,20210806_5_1230_Schneider_wgsv,ContactNam,0,49,20210808_1700_Schneider Springs_wgsv,ContactNam,0,49,20210810_09_1700_Schneider_wgsv,ContactNam,0,49,20210811_0_1745_Schneider_wgsv,ContactNam,0,49,20210812_1_1720_Schneider_wgsv,ContactNam,0,49,20210813_2_1815_Schneider_wgsv,ContactNam,0,49,20210814_3_1800_Schneider_wgsv,ContactNam,0,49,20210815_4_1800_Schneider_wgsv,ContactNam,0,49,20210817_6_1600_Schneider_wgsv,ContactNam,0,49,20210818_7_1700_Schneider_wgsv,ContactNam,0,49,20210819_8_2330_Schneider_wgsv,ContactNam,0,49,20210820_19_1630_Schneider_wgsv,ContactNam,0,49,20210822_1_2200_Schneider_wgsv,ContactNam,0,49,20210823_2_1610_Schneider_wgsv,ContactNam,0,49,20210825_4_1747_Schneider_wgsv,ContactNam,0,49,20210826_5_1715_Schneider_wgsv,ContactNam,0,49,20210827_6_1800_Schneider_wgsv,ContactNam,0,49,20210828_7_1630_Schneider_wgsv,ContactNam,0,49,20210829_8_1600_Schneider_wgsv,ContactNam,0,49,20210830_29_1530_Schneider_wgsv,ContactNam,0,49,20210831_0_2300_Schneider_wgsv,ContactNam,0,49,20210901_831_1815_Schneider_wgsv,ContactNam,0,49,20210902_1_1820_Schneider_wgsv,ContactNam,0,49,20210903_2_2305_Schneider_wgsv,ContactNam,0,49,20210905_4_1930_Schneider_wgsv,ContactNam,0,49,20210906_5_2030_Schneider_wgsv,ContactNam,0,49,20210907_6_2030_Schneider_wgsv,ContactNam,0,49,20210908_7_2315_Schneider_wgsv,ContactNam,0,49,20210909_8_1120_Schneider_wgsv,ContactNam,0,49,20210910_0040_Schneider_wgsv,ContactNam,0,49,20210912_1_2130_Schneider_wgsv,ContactNam,0,49,20210913_2_2215_Schneider_wgsv,ContactNam,0,49,20210914_3_2235_Schneider_wgsv,ContactNam,0,49,20210917_6_2212_Schneider_wgsv,ContactNam,0,49,20210921_0_2025_Schneider_wgsv,ContactNam,0,49,20210922_1_2105_Schneider_wgsv,ContactNam,0,49,20210924_3_2130_Schneider_wgsv,ContactNam,0,49,20210925_4_2340_Schneider_wgsv,ContactNam,0,49,20210926_5_2140_Schneider_wgsv,ContactNam,0,49,20211001_1940_Schneider_wgsv,ContactNam,0,49,20211005_4_1950_Schneider_wgsv,ContactNam,0,49;ContactEma "ContactEma" true true false 50 Text 0 0,First,#,20210806_5_1230_Schneider_wgsv,ContactEma,0,49,20210808_1700_Schneider Springs_wgsv,ContactEma,0,49,20210810_09_1700_Schneider_wgsv,ContactEma,0,49,20210811_0_1745_Schneider_wgsv,ContactEma,0,49,20210812_1_1720_Schneider_wgsv,ContactEma,0,49,20210813_2_1815_Schneider_wgsv,ContactEma,0,49,20210814_3_1800_Schneider_wgsv,ContactEma,0,49,20210815_4_1800_Schneider_wgsv,ContactEma,0,49,20210817_6_1600_Schneider_wgsv,ContactEma,0,49,20210818_7_1700_Schneider_wgsv,ContactEma,0,49,20210819_8_2330_Schneider_wgsv,ContactEma,0,49,20210820_19_1630_Schneider_wgsv,ContactEma,0,49,20210822_1_2200_Schneider_wgsv,ContactEma,0,49,20210823_2_1610_Schneider_wgsv,ContactEma,0,49,20210825_4_1747_Schneider_wgsv,ContactEma,0,49,20210826_5_1715_Schneider_wgsv,ContactEma,0,49,20210827_6_1800_Schneider_wgsv,ContactEma,0,49,20210828_7_1630_Schneider_wgsv,ContactEma,0,49,20210829_8_1600_Schneider_wgsv,ContactEma,0,49,20210830_29_1530_Schneider_wgsv,ContactEma,0,49,20210831_0_2300_Schneider_wgsv,ContactEma,0,49,20210901_831_1815_Schneider_wgsv,ContactEma,0,49,20210902_1_1820_Schneider_wgsv,ContactEma,0,49,20210903_2_2305_Schneider_wgsv,ContactEma,0,49,20210905_4_1930_Schneider_wgsv,ContactEma,0,49,20210906_5_2030_Schneider_wgsv,ContactEma,0,49,20210907_6_2030_Schneider_wgsv,ContactEma,0,49,20210908_7_2315_Schneider_wgsv,ContactEma,0,49,20210909_8_1120_Schneider_wgsv,ContactEma,0,49,20210910_0040_Schneider_wgsv,ContactEma,0,49,20210912_1_2130_Schneider_wgsv,ContactEma,0,49,20210913_2_2215_Schneider_wgsv,ContactEma,0,49,20210914_3_2235_Schneider_wgsv,ContactEma,0,49,20210917_6_2212_Schneider_wgsv,ContactEma,0,49,20210921_0_2025_Schneider_wgsv,ContactEma,0,49,20210922_1_2105_Schneider_wgsv,ContactEma,0,49,20210924_3_2130_Schneider_wgsv,ContactEma,0,49,20210925_4_2340_Schneider_wgsv,ContactEma,0,49,20210926_5_2140_Schneider_wgsv,ContactEma,0,49,20211001_1940_Schneider_wgsv,ContactEma,0,49,20211005_4_1950_Schneider_wgsv,ContactEma,0,49;ContactPho "ContactPho" true true false 25 Text 0 0,First,#,20210806_5_1230_Schneider_wgsv,ContactPho,0,24,20210808_1700_Schneider Springs_wgsv,ContactPho,0,24,20210810_09_1700_Schneider_wgsv,ContactPho,0,24,20210811_0_1745_Schneider_wgsv,ContactPho,0,24,20210812_1_1720_Schneider_wgsv,ContactPho,0,24,20210813_2_1815_Schneider_wgsv,ContactPho,0,24,20210814_3_1800_Schneider_wgsv,ContactPho,0,24,20210815_4_1800_Schneider_wgsv,ContactPho,0,24,20210817_6_1600_Schneider_wgsv,ContactPho,0,24,20210818_7_1700_Schneider_wgsv,ContactPho,0,24,20210819_8_2330_Schneider_wgsv,ContactPho,0,24,20210820_19_1630_Schneider_wgsv,ContactPho,0,24,20210822_1_2200_Schneider_wgsv,ContactPho,0,24,20210823_2_1610_Schneider_wgsv,ContactPho,0,24,20210825_4_1747_Schneider_wgsv,ContactPho,0,24,20210826_5_1715_Schneider_wgsv,ContactPho,0,24,20210827_6_1800_Schneider_wgsv,ContactPho,0,24,20210828_7_1630_Schneider_wgsv,ContactPho,0,24,20210829_8_1600_Schneider_wgsv,ContactPho,0,24,20210830_29_1530_Schneider_wgsv,ContactPho,0,24,20210831_0_2300_Schneider_wgsv,ContactPho,0,24,20210901_831_1815_Schneider_wgsv,ContactPho,0,24,20210902_1_1820_Schneider_wgsv,ContactPho,0,24,20210903_2_2305_Schneider_wgsv,ContactPho,0,24,20210905_4_1930_Schneider_wgsv,ContactPho,0,24,20210906_5_2030_Schneider_wgsv,ContactPho,0,24,20210907_6_2030_Schneider_wgsv,ContactPho,0,24,20210908_7_2315_Schneider_wgsv,ContactPho,0,24,20210909_8_1120_Schneider_wgsv,ContactPho,0,24,20210910_0040_Schneider_wgsv,ContactPho,0,24,20210912_1_2130_Schneider_wgsv,ContactPho,0,24,20210913_2_2215_Schneider_wgsv,ContactPho,0,24,20210914_3_2235_Schneider_wgsv,ContactPho,0,24,20210917_6_2212_Schneider_wgsv,ContactPho,0,24,20210921_0_2025_Schneider_wgsv,ContactPho,0,24,20210922_1_2105_Schneider_wgsv,ContactPho,0,24,20210924_3_2130_Schneider_wgsv,ContactPho,0,24,20210925_4_2340_Schneider_wgsv,ContactPho,0,24,20210926_5_2140_Schneider_wgsv,ContactPho,0,24,20211001_1940_Schneider_wgsv,ContactPho,0,24,20211005_4_1950_Schneider_wgsv,ContactPho,0,24;PolygonDat "PolygonDat" true true false 8 Date 0 0,First,#,20210806_5_1230_Schneider_wgsv,PolygonDat,-1,-1,20210808_1700_Schneider Springs_wgsv,PolygonDat,-1,-1,20210810_09_1700_Schneider_wgsv,PolygonDat,-1,-1,20210811_0_1745_Schneider_wgsv,PolygonDat,-1,-1,20210812_1_1720_Schneider_wgsv,PolygonDat,-1,-1,20210813_2_1815_Schneider_wgsv,PolygonDat,-1,-1,20210814_3_1800_Schneider_wgsv,PolygonDat,-1,-1,20210815_4_1800_Schneider_wgsv,PolygonDat,-1,-1,20210817_6_1600_Schneider_wgsv,PolygonDat,-1,-1,20210818_7_1700_Schneider_wgsv,PolygonDat,-1,-1,20210819_8_2330_Schneider_wgsv,PolygonDat,-1,-1,20210820_19_1630_Schneider_wgsv,PolygonDat,-1,-1,20210822_1_2200_Schneider_wgsv,PolygonDat,-1,-1,20210823_2_1610_Schneider_wgsv,PolygonDat,-1,-1,20210825_4_1747_Schneider_wgsv,PolygonDat,-1,-1,20210826_5_1715_Schneider_wgsv,PolygonDat,-1,-1,20210827_6_1800_Schneider_wgsv,PolygonDat,-1,-1,20210828_7_1630_Schneider_wgsv,PolygonDat,-1,-1,20210829_8_1600_Schneider_wgsv,PolygonDat,-1,-1,20210830_29_1530_Schneider_wgsv,PolygonDat,-1,-1,20210831_0_2300_Schneider_wgsv,PolygonDat,-1,-1,20210901_831_1815_Schneider_wgsv,PolygonDat,-1,-1,20210902_1_1820_Schneider_wgsv,PolygonDat,-1,-1,20210903_2_2305_Schneider_wgsv,PolygonDat,-1,-1,20210905_4_1930_Schneider_wgsv,PolygonDat,-1,-1,20210906_5_2030_Schneider_wgsv,PolygonDat,-1,-1,20210907_6_2030_Schneider_wgsv,PolygonDat,-1,-1,20210908_7_2315_Schneider_wgsv,PolygonDat,-1,-1,20210909_8_1120_Schneider_wgsv,PolygonDat,-1,-1,20210910_0040_Schneider_wgsv,PolygonDat,-1,-1,20210912_1_2130_Schneider_wgsv,PolygonDat,-1,-1,20210913_2_2215_Schneider_wgsv,PolygonDat,-1,-1,20210914_3_2235_Schneider_wgsv,PolygonDat,-1,-1,20210917_6_2212_Schneider_wgsv,PolygonDat,-1,-1,20210921_0_2025_Schneider_wgsv,PolygonDat,-1,-1,20210922_1_2105_Schneider_wgsv,PolygonDat,-1,-1,20210924_3_2130_Schneider_wgsv,PolygonDat,-1,-1,20210925_4_2340_Schneider_wgsv,PolygonDat,-1,-1,20210926_5_2140_Schneider_wgsv,PolygonDat,-1,-1,20211001_1940_Schneider_wgsv,PolygonDat,-1,-1,20211005_4_1950_Schneider_wgsv,PolygonDat,-1,-1;IRWINID "IRWINID" true true false 50 Text 0 0,First,#,20210806_5_1230_Schneider_wgsv,IRWINID,0,49,20210808_1700_Schneider Springs_wgsv,IRWINID,0,49,20210810_09_1700_Schneider_wgsv,IRWINID,0,49,20210811_0_1745_Schneider_wgsv,IRWINID,0,49,20210812_1_1720_Schneider_wgsv,IRWINID,0,49,20210813_2_1815_Schneider_wgsv,IRWINID,0,49,20210814_3_1800_Schneider_wgsv,IRWINID,0,49,20210815_4_1800_Schneider_wgsv,IRWINID,0,49,20210817_6_1600_Schneider_wgsv,IRWINID,0,49,20210818_7_1700_Schneider_wgsv,IRWINID,0,49,20210819_8_2330_Schneider_wgsv,IRWINID,0,49,20210820_19_1630_Schneider_wgsv,IRWINID,0,49,20210822_1_2200_Schneider_wgsv,IRWINID,0,49,20210823_2_1610_Schneider_wgsv,IRWINID,0,49,20210825_4_1747_Schneider_wgsv,IRWINID,0,49,20210826_5_1715_Schneider_wgsv,IRWINID,0,49,20210827_6_1800_Schneider_wgsv,IRWINID,0,49,20210828_7_1630_Schneider_wgsv,IRWINID,0,49,20210829_8_1600_Schneider_wgsv,IRWINID,0,49,20210830_29_1530_Schneider_wgsv,IRWINID,0,49,20210831_0_2300_Schneider_wgsv,IRWINID,0,49,20210901_831_1815_Schneider_wgsv,IRWINID,0,49,20210902_1_1820_Schneider_wgsv,IRWINID,0,49,20210903_2_2305_Schneider_wgsv,IRWINID,0,49,20210905_4_1930_Schneider_wgsv,IRWINID,0,49,20210906_5_2030_Schneider_wgsv,IRWINID,0,49,20210907_6_2030_Schneider_wgsv,IRWINID,0,49,20210908_7_2315_Schneider_wgsv,IRWINID,0,49,20210909_8_1120_Schneider_wgsv,IRWINID,0,49,20210910_0040_Schneider_wgsv,IRWINID,0,49,20210912_1_2130_Schneider_wgsv,IRWINID,0,49,20210913_2_2215_Schneider_wgsv,IRWINID,0,49,20210914_3_2235_Schneider_wgsv,IRWINID,0,49,20210917_6_2212_Schneider_wgsv,IRWINID,0,49,20210921_0_2025_Schneider_wgsv,IRWINID,0,49,20210922_1_2105_Schneider_wgsv,IRWINID,0,49,20210924_3_2130_Schneider_wgsv,IRWINID,0,49,20210925_4_2340_Schneider_wgsv,IRWINID,0,49,20210926_5_2140_Schneider_wgsv,IRWINID,0,49,20211001_1940_Schneider_wgsv,IRWINID,0,49,20211005_4_1950_Schneider_wgsv,IRWINID,0,49;GlobalID "GlobalID" true true false 38 Text 0 0,First,#,20210806_5_1230_Schneider_wgsv,GlobalID,0,37,20210808_1700_Schneider Springs_wgsv,GlobalID,0,37,20210810_09_1700_Schneider_wgsv,GlobalID,0,37,20210811_0_1745_Schneider_wgsv,GlobalID,0,37,20210812_1_1720_Schneider_wgsv,GlobalID,0,37,20210813_2_1815_Schneider_wgsv,GlobalID,0,37,20210814_3_1800_Schneider_wgsv,GlobalID,0,37,20210815_4_1800_Schneider_wgsv,GlobalID,0,37,20210817_6_1600_Schneider_wgsv,GlobalID,0,37,20210818_7_1700_Schneider_wgsv,GlobalID,0,37,20210819_8_2330_Schneider_wgsv,GlobalID,0,37,20210820_19_1630_Schneider_wgsv,GlobalID,0,37,20210822_1_2200_Schneider_wgsv,GlobalID,0,37,20210823_2_1610_Schneider_wgsv,GlobalID,0,37,20210825_4_1747_Schneider_wgsv,GlobalID,0,37,20210826_5_1715_Schneider_wgsv,GlobalID,0,37,20210827_6_1800_Schneider_wgsv,GlobalID,0,37,20210828_7_1630_Schneider_wgsv,GlobalID,0,37,20210829_8_1600_Schneider_wgsv,GlobalID,0,37,20210830_29_1530_Schneider_wgsv,GlobalID,0,37,20210831_0_2300_Schneider_wgsv,GlobalID,0,37,20210901_831_1815_Schneider_wgsv,GlobalID,0,37,20210902_1_1820_Schneider_wgsv,GlobalID,0,37,20210903_2_2305_Schneider_wgsv,GlobalID,0,37,20210905_4_1930_Schneider_wgsv,GlobalID,0,37,20210906_5_2030_Schneider_wgsv,GlobalID,0,37,20210907_6_2030_Schneider_wgsv,GlobalID,0,37,20210908_7_2315_Schneider_wgsv,GlobalID,0,37,20210909_8_1120_Schneider_wgsv,GlobalID,0,37,20210910_0040_Schneider_wgsv,GlobalID,0,37,20210912_1_2130_Schneider_wgsv,GlobalID,0,37,20210913_2_2215_Schneider_wgsv,GlobalID,0,37,20210914_3_2235_Schneider_wgsv,GlobalID,0,37,20210917_6_2212_Schneider_wgsv,GlobalID,0,37,20210921_0_2025_Schneider_wgsv,GlobalID,0,37,20210922_1_2105_Schneider_wgsv,GlobalID,0,37,20210924_3_2130_Schneider_wgsv,GlobalID,0,37,20210925_4_2340_Schneider_wgsv,GlobalID,0,37,20210926_5_2140_Schneider_wgsv,GlobalID,0,37,20211001_1940_Schneider_wgsv,GlobalID,0,37,20211005_4_1950_Schneider_wgsv,GlobalID,0,37;SHAPE_Leng "SHAPE_Leng" true true false 19 Double 0 0,First,#,20210806_5_1230_Schneider_wgsv,SHAPE_Leng,-1,-1,20210808_1700_Schneider Springs_wgsv,SHAPE_Leng,-1,-1,20210810_09_1700_Schneider_wgsv,SHAPE_Leng,-1,-1,20210811_0_1745_Schneider_wgsv,SHAPE_Leng,-1,-1,20210812_1_1720_Schneider_wgsv,SHAPE_Leng,-1,-1,20210813_2_1815_Schneider_wgsv,SHAPE_Leng,-1,-1,20210814_3_1800_Schneider_wgsv,SHAPE_Leng,-1,-1,20210815_4_1800_Schneider_wgsv,SHAPE_Leng,-1,-1,20210816_5_2200_Schneider_wgsv,Shape_Leng,-1,-1,20210817_6_1600_Schneider_wgsv,SHAPE_Leng,-1,-1,20210818_7_1700_Schneider_wgsv,SHAPE_Leng,-1,-1,20210819_8_2330_Schneider_wgsv,SHAPE_Leng,-1,-1,20210820_19_1630_Schneider_wgsv,SHAPE_Leng,-1,-1,20210822_1_2200_Schneider_wgsv,SHAPE_Leng,-1,-1,20210823_2_1610_Schneider_wgsv,SHAPE_Leng,-1,-1,20210825_4_1747_Schneider_wgsv,SHAPE_Leng,-1,-1,20210826_5_1715_Schneider_wgsv,SHAPE_Leng,-1,-1,20210827_6_1800_Schneider_wgsv,SHAPE_Leng,-1,-1,20210828_7_1630_Schneider_wgsv,SHAPE_Leng,-1,-1,20210829_8_1600_Schneider_wgsv,SHAPE_Leng,-1,-1,20210830_29_1530_Schneider_wgsv,SHAPE_Leng,-1,-1,20210831_0_2300_Schneider_wgsv,SHAPE_Leng,-1,-1,20210901_831_1815_Schneider_wgsv,SHAPE_Leng,-1,-1,20210902_1_1820_Schneider_wgsv,SHAPE_Leng,-1,-1,20210903_2_2305_Schneider_wgsv,SHAPE_Leng,-1,-1,20210905_4_1930_Schneider_wgsv,SHAPE_Leng,-1,-1,20210906_5_2030_Schneider_wgsv,SHAPE_Leng,-1,-1,20210907_6_2030_Schneider_wgsv,SHAPE_Leng,-1,-1,20210908_7_2315_Schneider_wgsv,SHAPE_Leng,-1,-1,20210909_8_1120_Schneider_wgsv,SHAPE_Leng,-1,-1,20210910_0040_Schneider_wgsv,SHAPE_Leng,-1,-1,20210912_1_2130_Schneider_wgsv,SHAPE_Leng,-1,-1,20210913_2_2215_Schneider_wgsv,SHAPE_Leng,-1,-1,20210914_3_2235_Schneider_wgsv,SHAPE_Leng,-1,-1,20210917_6_2212_Schneider_wgsv,SHAPE_Leng,-1,-1,20210921_0_2025_Schneider_wgsv,SHAPE_Leng,-1,-1,20210922_1_2105_Schneider_wgsv,SHAPE_Leng,-1,-1,20210924_3_2130_Schneider_wgsv,SHAPE_Leng,-1,-1,20210925_4_2340_Schneider_wgsv,SHAPE_Leng,-1,-1,20210926_5_2140_Schneider_wgsv,SHAPE_Leng,-1,-1,20211001_1940_Schneider_wgsv,SHAPE_Leng,-1,-1,20211005_4_1950_Schneider_wgsv,SHAPE_Leng,-1,-1;SHAPE_Area "SHAPE_Area" true true false 19 Double 0 0,First,#,20210806_5_1230_Schneider_wgsv,SHAPE_Area,-1,-1,20210808_1700_Schneider Springs_wgsv,SHAPE_Area,-1,-1,20210810_09_1700_Schneider_wgsv,SHAPE_Area,-1,-1,20210811_0_1745_Schneider_wgsv,SHAPE_Area,-1,-1,20210812_1_1720_Schneider_wgsv,SHAPE_Area,-1,-1,20210813_2_1815_Schneider_wgsv,SHAPE_Area,-1,-1,20210814_3_1800_Schneider_wgsv,SHAPE_Area,-1,-1,20210815_4_1800_Schneider_wgsv,SHAPE_Area,-1,-1,20210816_5_2200_Schneider_wgsv,Shape_Area,-1,-1,20210817_6_1600_Schneider_wgsv,SHAPE_Area,-1,-1,20210818_7_1700_Schneider_wgsv,SHAPE_Area,-1,-1,20210819_8_2330_Schneider_wgsv,SHAPE_Area,-1,-1,20210820_19_1630_Schneider_wgsv,SHAPE_Area,-1,-1,20210822_1_2200_Schneider_wgsv,SHAPE_Area,-1,-1,20210823_2_1610_Schneider_wgsv,SHAPE_Area,-1,-1,20210825_4_1747_Schneider_wgsv,SHAPE_Area,-1,-1,20210826_5_1715_Schneider_wgsv,SHAPE_Area,-1,-1,20210827_6_1800_Schneider_wgsv,SHAPE_Area,-1,-1,20210828_7_1630_Schneider_wgsv,SHAPE_Area,-1,-1,20210829_8_1600_Schneider_wgsv,SHAPE_Area,-1,-1,20210830_29_1530_Schneider_wgsv,SHAPE_Area,-1,-1,20210831_0_2300_Schneider_wgsv,SHAPE_Area,-1,-1,20210901_831_1815_Schneider_wgsv,SHAPE_Area,-1,-1,20210902_1_1820_Schneider_wgsv,SHAPE_Area,-1,-1,20210903_2_2305_Schneider_wgsv,SHAPE_Area,-1,-1,20210905_4_1930_Schneider_wgsv,SHAPE_Area,-1,-1,20210906_5_2030_Schneider_wgsv,SHAPE_Area,-1,-1,20210907_6_2030_Schneider_wgsv,SHAPE_Area,-1,-1,20210908_7_2315_Schneider_wgsv,SHAPE_Area,-1,-1,20210909_8_1120_Schneider_wgsv,SHAPE_Area,-1,-1,20210910_0040_Schneider_wgsv,SHAPE_Area,-1,-1,20210912_1_2130_Schneider_wgsv,SHAPE_Area,-1,-1,20210913_2_2215_Schneider_wgsv,SHAPE_Area,-1,-1,20210914_3_2235_Schneider_wgsv,SHAPE_Area,-1,-1,20210917_6_2212_Schneider_wgsv,SHAPE_Area,-1,-1,20210921_0_2025_Schneider_wgsv,SHAPE_Area,-1,-1,20210922_1_2105_Schneider_wgsv,SHAPE_Area,-1,-1,20210924_3_2130_Schneider_wgsv,SHAPE_Area,-1,-1,20210925_4_2340_Schneider_wgsv,SHAPE_Area,-1,-1,20210926_5_2140_Schneider_wgsv,SHAPE_Area,-1,-1,20211001_1940_Schneider_wgsv,SHAPE_Area,-1,-1,20211005_4_1950_Schneider_wgsv,SHAPE_Area,-1,-1;Incident_C "Incident_C" true true false 254 Text 0 0,First,#,20210806_5_1230_Schneider_wgsv,Incident_C,0,253,20210808_1700_Schneider Springs_wgsv,Incident_C,0,253,20210810_09_1700_Schneider_wgsv,Incident_C,0,253,20210811_0_1745_Schneider_wgsv,Incident_C,0,253,20210812_1_1720_Schneider_wgsv,Incident_C,0,253,20210813_2_1815_Schneider_wgsv,Incident_C,0,253,20210814_3_1800_Schneider_wgsv,Incident_C,0,253,20210815_4_1800_Schneider_wgsv,Incident_C,0,253,20210816_5_2200_Schneider_wgsv,Incident_C,0,253,20210817_6_1600_Schneider_wgsv,Incident_C,0,253,20210818_7_1700_Schneider_wgsv,Incident_C,0,253,20210819_8_2330_Schneider_wgsv,Incident_C,0,253,20210820_19_1630_Schneider_wgsv,Incident_C,0,253,20210822_1_2200_Schneider_wgsv,Incident_C,0,253,20210823_2_1610_Schneider_wgsv,Incident_C,0,253,20210825_4_1747_Schneider_wgsv,Incident_C,0,253,20210826_5_1715_Schneider_wgsv,Incident_C,0,253,20210827_6_1800_Schneider_wgsv,Incident_C,0,253,20210828_7_1630_Schneider_wgsv,Incident_C,0,253,20210829_8_1600_Schneider_wgsv,Incident_C,0,253,20210830_29_1530_Schneider_wgsv,Incident_C,0,253,20210831_0_2300_Schneider_wgsv,Incident_C,0,253,20210901_831_1815_Schneider_wgsv,Incident_C,0,253,20210902_1_1820_Schneider_wgsv,Incident_C,0,253,20210903_2_2305_Schneider_wgsv,Incident_C,0,253,20210905_4_1930_Schneider_wgsv,Incident_C,0,253,20210906_5_2030_Schneider_wgsv,Incident_C,0,253,20210907_6_2030_Schneider_wgsv,Incident_C,0,253,20210908_7_2315_Schneider_wgsv,Incident_C,0,253,20210909_8_1120_Schneider_wgsv,Incident_C,0,253,20210910_0040_Schneider_wgsv,Incident_C,0,253,20210912_1_2130_Schneider_wgsv,Incident_C,0,253,20210913_2_2215_Schneider_wgsv,Incident_C,0,253,20210914_3_2235_Schneider_wgsv,Incident_C,0,253,20210917_6_2212_Schneider_wgsv,Incident_C,0,253,20210921_0_2025_Schneider_wgsv,Incident_C,0,253,20210922_1_2105_Schneider_wgsv,Incident_C,0,253,20210924_3_2130_Schneider_wgsv,Incident_C,0,253,20210925_4_2340_Schneider_wgsv,Incident_C,0,253,20210926_5_2140_Schneider_wgsv,Incident_C,0,253,20211001_1940_Schneider_wgsv,Incident_C,0,253,20211005_4_1950_Schneider_wgsv,Incident_C,0,253;Incident_N "Incident_N" true true false 254 Text 0 0,First,#,20210806_5_1230_Schneider_wgsv,Incident_N,0,253,20210808_1700_Schneider Springs_wgsv,Incident_N,0,253,20210810_09_1700_Schneider_wgsv,Incident_N,0,253,20210811_0_1745_Schneider_wgsv,Incident_N,0,253,20210812_1_1720_Schneider_wgsv,Incident_N,0,253,20210813_2_1815_Schneider_wgsv,Incident_N,0,253,20210814_3_1800_Schneider_wgsv,Incident_N,0,253,20210815_4_1800_Schneider_wgsv,Incident_N,0,253,20210816_5_2200_Schneider_wgsv,Incident_N,0,253,20210817_6_1600_Schneider_wgsv,Incident_N,0,253,20210818_7_1700_Schneider_wgsv,Incident_N,0,253,20210819_8_2330_Schneider_wgsv,Incident_N,0,253,20210820_19_1630_Schneider_wgsv,Incident_N,0,253,20210822_1_2200_Schneider_wgsv,Incident_N,0,253,20210823_2_1610_Schneider_wgsv,Incident_N,0,253,20210825_4_1747_Schneider_wgsv,Incident_N,0,253,20210826_5_1715_Schneider_wgsv,Incident_N,0,253,20210827_6_1800_Schneider_wgsv,Incident_N,0,253,20210828_7_1630_Schneider_wgsv,Incident_N,0,253,20210829_8_1600_Schneider_wgsv,Incident_N,0,253,20210830_29_1530_Schneider_wgsv,Incident_N,0,253,20210831_0_2300_Schneider_wgsv,Incident_N,0,253,20210901_831_1815_Schneider_wgsv,Incident_N,0,253,20210902_1_1820_Schneider_wgsv,Incident_N,0,253,20210903_2_2305_Schneider_wgsv,Incident_N,0,253,20210905_4_1930_Schneider_wgsv,Incident_N,0,253,20210906_5_2030_Schneider_wgsv,Incident_N,0,253,20210907_6_2030_Schneider_wgsv,Incident_N,0,253,20210908_7_2315_Schneider_wgsv,Incident_N,0,253,20210909_8_1120_Schneider_wgsv,Incident_N,0,253,20210910_0040_Schneider_wgsv,Incident_N,0,253,20210912_1_2130_Schneider_wgsv,Incident_N,0,253,20210913_2_2215_Schneider_wgsv,Incident_N,0,253,20210914_3_2235_Schneider_wgsv,Incident_N,0,253,20210917_6_2212_Schneider_wgsv,Incident_N,0,253,20210921_0_2025_Schneider_wgsv,Incident_N,0,253,20210922_1_2105_Schneider_wgsv,Incident_N,0,253,20210924_3_2130_Schneider_wgsv,Incident_N,0,253,20210925_4_2340_Schneider_wgsv,Incident_N,0,253,20210926_5_2140_Schneider_wgsv,Incident_N,0,253,20211001_1940_Schneider_wgsv,Incident_N,0,253,20211005_4_1950_Schneider_wgsv,Incident_N,0,253;Date "Date" true true false 254 Text 0 0,First,#,20210806_5_1230_Schneider_wgsv,Date,0,253,20210808_1700_Schneider Springs_wgsv,Date,0,253,20210810_09_1700_Schneider_wgsv,Date,0,253,20210811_0_1745_Schneider_wgsv,Date,0,253,20210812_1_1720_Schneider_wgsv,Date,0,253,20210813_2_1815_Schneider_wgsv,Date,0,253,20210814_3_1800_Schneider_wgsv,Date,0,253,20210815_4_1800_Schneider_wgsv,Date,0,253,20210816_5_2200_Schneider_wgsv,Date,0,253,20210817_6_1600_Schneider_wgsv,Date,0,253,20210818_7_1700_Schneider_wgsv,Date,0,253,20210819_8_2330_Schneider_wgsv,Date,0,253,20210820_19_1630_Schneider_wgsv,Date,0,253,20210822_1_2200_Schneider_wgsv,Date,0,253,20210823_2_1610_Schneider_wgsv,Date,0,253,20210825_4_1747_Schneider_wgsv,Date,0,253,20210826_5_1715_Schneider_wgsv,Date,0,253,20210827_6_1800_Schneider_wgsv,Date,0,253,20210828_7_1630_Schneider_wgsv,Date,0,253,20210829_8_1600_Schneider_wgsv,Date,0,253,20210830_29_1530_Schneider_wgsv,Date,0,253,20210831_0_2300_Schneider_wgsv,Date,0,253,20210901_831_1815_Schneider_wgsv,Date,0,253,20210902_1_1820_Schneider_wgsv,Date,0,253,20210903_2_2305_Schneider_wgsv,Date,0,253,20210905_4_1930_Schneider_wgsv,Date,0,253,20210906_5_2030_Schneider_wgsv,Date,0,253,20210907_6_2030_Schneider_wgsv,Date,0,253,20210908_7_2315_Schneider_wgsv,Date,0,253,20210909_8_1120_Schneider_wgsv,Date,0,253,20210910_0040_Schneider_wgsv,Date,0,253,20210912_1_2130_Schneider_wgsv,Date,0,253,20210913_2_2215_Schneider_wgsv,Date,0,253,20210914_3_2235_Schneider_wgsv,Date,0,253,20210917_6_2212_Schneider_wgsv,Date,0,253,20210921_0_2025_Schneider_wgsv,Date,0,253,20210922_1_2105_Schneider_wgsv,Date,0,253,20210924_3_2130_Schneider_wgsv,Date,0,253,20210925_4_2340_Schneider_wgsv,Date,0,253,20210926_5_2140_Schneider_wgsv,Date,0,253,20211001_1940_Schneider_wgsv,Date,0,253,20211005_4_1950_Schneider_wgsv,Date,0,253;DateFlown "DateFlown" true true false 254 Text 0 0,First,#,20210806_5_1230_Schneider_wgsv,DateFlown,0,253,20210808_1700_Schneider Springs_wgsv,DateFlown,0,253,20210810_09_1700_Schneider_wgsv,DateFlown,0,253,20210811_0_1745_Schneider_wgsv,DateFlown,0,253,20210812_1_1720_Schneider_wgsv,DateFlown,0,253,20210813_2_1815_Schneider_wgsv,DateFlown,0,253,20210814_3_1800_Schneider_wgsv,DateFlown,0,253,20210815_4_1800_Schneider_wgsv,DateFlown,0,253,20210816_5_2200_Schneider_wgsv,DateFlown,0,253,20210817_6_1600_Schneider_wgsv,DateFlown,0,253,20210818_7_1700_Schneider_wgsv,DateFlown,0,253,20210819_8_2330_Schneider_wgsv,DateFlown,0,253,20210820_19_1630_Schneider_wgsv,DateFlown,0,253,20210822_1_2200_Schneider_wgsv,DateFlown,0,253,20210823_2_1610_Schneider_wgsv,DateFlown,0,253,20210825_4_1747_Schneider_wgsv,DateFlown,0,253,20210826_5_1715_Schneider_wgsv,DateFlown,0,253,20210827_6_1800_Schneider_wgsv,DateFlown,0,253,20210828_7_1630_Schneider_wgsv,DateFlown,0,253,20210829_8_1600_Schneider_wgsv,DateFlown,0,253,20210830_29_1530_Schneider_wgsv,DateFlown,0,253,20210831_0_2300_Schneider_wgsv,DateFlown,0,253,20210901_831_1815_Schneider_wgsv,DateFlown,0,253,20210902_1_1820_Schneider_wgsv,DateFlown,0,253,20210903_2_2305_Schneider_wgsv,DateFlown,0,253,20210905_4_1930_Schneider_wgsv,DateFlown,0,253,20210906_5_2030_Schneider_wgsv,DateFlown,0,253,20210907_6_2030_Schneider_wgsv,DateFlown,0,253,20210908_7_2315_Schneider_wgsv,DateFlown,0,253,20210909_8_1120_Schneider_wgsv,DateFlown,0,253,20210910_0040_Schneider_wgsv,DateFlown,0,253,20210912_1_2130_Schneider_wgsv,DateFlown,0,253,20210913_2_2215_Schneider_wgsv,DateFlown,0,253,20210914_3_2235_Schneider_wgsv,DateFlown,0,253,20210917_6_2212_Schneider_wgsv,DateFlown,0,253,20210921_0_2025_Schneider_wgsv,DateFlown,0,253,20210922_1_2105_Schneider_wgsv,DateFlown,0,253,20210924_3_2130_Schneider_wgsv,DateFlown,0,253,20210925_4_2340_Schneider_wgsv,DateFlown,0,253,20210926_5_2140_Schneider_wgsv,DateFlown,0,253,20211001_1940_Schneider_wgsv,DateFlown,0,253,20211005_4_1950_Schneider_wgsv,DateFlown,0,253;TimeFlown "TimeFlown" true true false 254 Text 0 0,First,#,20210806_5_1230_Schneider_wgsv,TimeFlown,0,253,20210808_1700_Schneider Springs_wgsv,TimeFlown,0,253,20210810_09_1700_Schneider_wgsv,TimeFlown,0,253,20210811_0_1745_Schneider_wgsv,TimeFlown,0,253,20210812_1_1720_Schneider_wgsv,TimeFlown,0,253,20210813_2_1815_Schneider_wgsv,TimeFlown,0,253,20210814_3_1800_Schneider_wgsv,TimeFlown,0,253,20210815_4_1800_Schneider_wgsv,TimeFlown,0,253,20210816_5_2200_Schneider_wgsv,TimeFlown,0,253,20210817_6_1600_Schneider_wgsv,TimeFlown,0,253,20210818_7_1700_Schneider_wgsv,TimeFlown,0,253,20210819_8_2330_Schneider_wgsv,TimeFlown,0,253,20210820_19_1630_Schneider_wgsv,TimeFlown,0,253,20210822_1_2200_Schneider_wgsv,TimeFlown,0,253,20210823_2_1610_Schneider_wgsv,TimeFlown,0,253,20210825_4_1747_Schneider_wgsv,TimeFlown,0,253,20210826_5_1715_Schneider_wgsv,TimeFlown,0,253,20210827_6_1800_Schneider_wgsv,TimeFlown,0,253,20210828_7_1630_Schneider_wgsv,TimeFlown,0,253,20210829_8_1600_Schneider_wgsv,TimeFlown,0,253,20210830_29_1530_Schneider_wgsv,TimeFlown,0,253,20210831_0_2300_Schneider_wgsv,TimeFlown,0,253,20210901_831_1815_Schneider_wgsv,TimeFlown,0,253,20210902_1_1820_Schneider_wgsv,TimeFlown,0,253,20210903_2_2305_Schneider_wgsv,TimeFlown,0,253,20210905_4_1930_Schneider_wgsv,TimeFlown,0,253,20210906_5_2030_Schneider_wgsv,TimeFlown,0,253,20210907_6_2030_Schneider_wgsv,TimeFlown,0,253,20210908_7_2315_Schneider_wgsv,TimeFlown,0,253,20210909_8_1120_Schneider_wgsv,TimeFlown,0,253,20210910_0040_Schneider_wgsv,TimeFlown,0,253,20210912_1_2130_Schneider_wgsv,TimeFlown,0,253,20210913_2_2215_Schneider_wgsv,TimeFlown,0,253,20210914_3_2235_Schneider_wgsv,TimeFlown,0,253,20210917_6_2212_Schneider_wgsv,TimeFlown,0,253,20210921_0_2025_Schneider_wgsv,TimeFlown,0,253,20210922_1_2105_Schneider_wgsv,TimeFlown,0,253,20210924_3_2130_Schneider_wgsv,TimeFlown,0,253,20210925_4_2340_Schneider_wgsv,TimeFlown,0,253,20210926_5_2140_Schneider_wgsv,TimeFlown,0,253,20211001_1940_Schneider_wgsv,TimeFlown,0,253,20211005_4_1950_Schneider_wgsv,TimeFlown,0,253;TimeZone "TimeZone" true true false 254 Text 0 0,First,#,20210806_5_1230_Schneider_wgsv,TimeZone,0,253,20210808_1700_Schneider Springs_wgsv,TimeZone,0,253,20210810_09_1700_Schneider_wgsv,TimeZone,0,253,20210811_0_1745_Schneider_wgsv,TimeZone,0,253,20210812_1_1720_Schneider_wgsv,TimeZone,0,253,20210813_2_1815_Schneider_wgsv,TimeZone,0,253,20210814_3_1800_Schneider_wgsv,TimeZone,0,253,20210815_4_1800_Schneider_wgsv,TimeZone,0,253,20210816_5_2200_Schneider_wgsv,TimeZone,0,253,20210817_6_1600_Schneider_wgsv,TimeZone,0,253,20210818_7_1700_Schneider_wgsv,TimeZone,0,253,20210819_8_2330_Schneider_wgsv,TimeZone,0,253,20210820_19_1630_Schneider_wgsv,TimeZone,0,253,20210822_1_2200_Schneider_wgsv,TimeZone,0,253,20210823_2_1610_Schneider_wgsv,TimeZone,0,253,20210825_4_1747_Schneider_wgsv,TimeZone,0,253,20210826_5_1715_Schneider_wgsv,TimeZone,0,253,20210827_6_1800_Schneider_wgsv,TimeZone,0,253,20210828_7_1630_Schneider_wgsv,TimeZone,0,253,20210829_8_1600_Schneider_wgsv,TimeZone,0,253,20210830_29_1530_Schneider_wgsv,TimeZone,0,253,20210831_0_2300_Schneider_wgsv,TimeZone,0,253,20210901_831_1815_Schneider_wgsv,TimeZone,0,253,20210902_1_1820_Schneider_wgsv,TimeZone,0,253,20210903_2_2305_Schneider_wgsv,TimeZone,0,253,20210905_4_1930_Schneider_wgsv,TimeZone,0,253,20210906_5_2030_Schneider_wgsv,TimeZone,0,253,20210907_6_2030_Schneider_wgsv,TimeZone,0,253,20210908_7_2315_Schneider_wgsv,TimeZone,0,253,20210909_8_1120_Schneider_wgsv,TimeZone,0,253,20210910_0040_Schneider_wgsv,TimeZone,0,253,20210912_1_2130_Schneider_wgsv,TimeZone,0,253,20210913_2_2215_Schneider_wgsv,TimeZone,0,253,20210914_3_2235_Schneider_wgsv,TimeZone,0,253,20210917_6_2212_Schneider_wgsv,TimeZone,0,253,20210921_0_2025_Schneider_wgsv,TimeZone,0,253,20210922_1_2105_Schneider_wgsv,TimeZone,0,253,20210924_3_2130_Schneider_wgsv,TimeZone,0,253,20210925_4_2340_Schneider_wgsv,TimeZone,0,253,20210926_5_2140_Schneider_wgsv,TimeZone,0,253,20211001_1940_Schneider_wgsv,TimeZone,0,253,20211005_4_1950_Schneider_wgsv,TimeZone,0,253;GIS_Acres_ "GIS_Acres_" true true false 19 Double 0 0,First,#,20210816_5_2200_Schneider_wgsv,GIS_Acres_,-1,-1" NO_SOURCE_INFO</Process><Process ToolSource="c:\program files\arcgis\pro\Resources\ArcToolbox\toolboxes\Data Management Tools.tbx\CalculateGeometryAttributes" Date="20240913" Time="132508">CalculateGeometryAttributes Schneider2021 "GISAcres AREA_GEODESIC" # "International Acres" PROJCS["NAD_1983_UTM_Zone_10N",GEOGCS["GCS_North_American_1983",DATUM["D_North_American_1983",SPHEROID["GRS_1980",6378137.0,298.257222101]],PRIMEM["Greenwich",0.0],UNIT["Degree",0.0174532925199433]],PROJECTION["Transverse_Mercator"],PARAMETER["False_Easting",500000.0],PARAMETER["False_Northing",0.0],PARAMETER["Central_Meridian",-123.0],PARAMETER["Scale_Factor",0.9996],PARAMETER["Latitude_Of_Origin",0.0],UNIT["Meter",1.0]] "Same as input"</Process><Process ToolSource="c:\program files\arcgis\pro\Resources\ArcToolbox\toolboxes\Data Management Tools.tbx\CopyFeatures" Date="20240913" Time="132718">CopyFeatures WA-OWF-000453_SchneiderSprings C:\__School\2024_Summer\NIROPS\NIROPs_Output\pacific_nw\2021\pacific_nw_2021_WA\WA-OWF-000453_SchneiderSprings\WA-OWF-000453_SchneiderSprings.shp # # # #</Process></lineage><itemProps><itemLocation><linkage Sync="TRUE">file://\\LENOVO\C$\__School\2024_Summer\NIROPS\NIROPs_Output\pacific_nw\2021\pacific_nw_2021_WA\WA-OWF-000453_SchneiderSprings\WA-OWF-000453_SchneiderSprings.shp</linkage><protocol Sync="TRUE">Local Area Network</protocol></itemLocation><itemName Sync="TRUE">WA-OWF-000453_SchneiderSprings</itemName><imsContentType Sync="TRUE">002</imsContentType><itemSize Sync="TRUE">0.000</itemSize></itemProps><coordRef><type Sync="TRUE">Geographic</type><geogcsn Sync="TRUE">GCS_WGS_1984</geogcsn><csUnits Sync="TRUE">Angular Unit: Degree (0.017453)</csUnits><peXml Sync="TRUE">&lt;GeographicCoordinateSystem xsi:type='typens:GeographicCoordinateSystem' xmlns:xsi='http://www.w3.org/2001/XMLSchema-instance' xmlns:xs='http://www.w3.org/2001/XMLSchema' xmlns:typens='http://www.esri.com/schemas/ArcGIS/3.3.0'&gt;&lt;WKT&gt;GEOGCS[&amp;quot;GCS_WGS_1984&amp;quot;,DATUM[&amp;quot;D_WGS_1984&amp;quot;,SPHEROID[&amp;quot;WGS_1984&amp;quot;,6378137.0,298.257223563]],PRIMEM[&amp;quot;Greenwich&amp;quot;,0.0],UNIT[&amp;quot;Degree&amp;quot;,0.0174532925199433],AUTHORITY[&amp;quot;EPSG&amp;quot;,4326]]&lt;/WKT&gt;&lt;XOrigin&gt;-400&lt;/XOrigin&gt;&lt;YOrigin&gt;-400&lt;/YOrigin&gt;&lt;XYScale&gt;11258999068426.238&lt;/XYScale&gt;&lt;ZOrigin&gt;-100000&lt;/ZOrigin&gt;&lt;ZScale&gt;10000&lt;/ZScale&gt;&lt;MOrigin&gt;-100000&lt;/MOrigin&gt;&lt;MScale&gt;10000&lt;/MScale&gt;&lt;XYTolerance&gt;8.983152841195215e-09&lt;/XYTolerance&gt;&lt;ZTolerance&gt;0.001&lt;/ZTolerance&gt;&lt;MTolerance&gt;0.001&lt;/MTolerance&gt;&lt;HighPrecision&gt;true&lt;/HighPrecision&gt;&lt;LeftLongitude&gt;-180&lt;/LeftLongitude&gt;&lt;WKID&gt;4326&lt;/WKID&gt;&lt;LatestWKID&gt;4326&lt;/LatestWKID&gt;&lt;/GeographicCoordinateSystem&gt;</peXml></coordRef></DataProperties><CreaDate>20181126</CreaDate><CreaTime>08404700</CreaTime><SyncDate>20240913</SyncDate><SyncTime>13271800</SyncTime><ModDate>20240913</ModDate><ModTime>13271800</ModTime></Esri><idinfo><descript><abstract>EventPolygon</abstract><purpose>EventPolygon</purpose></descript><keywords><theme><themekt>X-Ray</themekt><themekey/></theme></keywords><accconst/><useconst/><status><progress/><update/></status><spdom><bounding><westbc>NaN</westbc><eastbc>NaN</eastbc><northbc>NaN</northbc><southbc>NaN</southbc></bounding></spdom></idinfo><eainfo><detailed Name="WA-OWF-000453_SchneiderSprings"><attr><attrlabl Sync="TRUE">SHAPE</attrlabl><attalias Sync="TRUE">Shape</attalias><attrtype Sync="TRUE">Geometry</attrtype><attwidth Sync="TRUE">0</attwidth><atprecis Sync="TRUE">0</atprecis><attscale Sync="TRUE">0</attscale><attrdef Sync="TRUE">Feature geometry.</attrdef><attrdefs Sync="TRUE">Esri</attrdefs><attrdomv><udom Sync="TRUE">Coordinates defining the features.</udom></attrdomv></attr><attr><attrlabl Sync="TRUE">FID</attrlabl><attalias Sync="TRUE">FID</attalias><attrtype Sync="TRUE">OID</attrtype><attwidth Sync="TRUE">4</attwidth><atprecis Sync="TRUE">0</atprecis><attscale Sync="TRUE">0</attscale><attrdef Sync="TRUE">Internal feature number.</attrdef><attrdefs Sync="TRUE">Esri</attrdefs><attrdomv><udom Sync="TRUE">Sequential unique whole numbers that are automatically generated.</udom></attrdomv></attr><attr><attrlabl Sync="TRUE">Comments</attrlabl><attalias Sync="TRUE">Comments</attalias><attrtype Sync="TRUE">String</attrtype><attwidth Sync="TRUE">254</attwidth><atprecis Sync="TRUE">0</atprecis><attscale Sync="TRUE">0</attscale><attrdef Sync="TRUE">Comments</attrdef></attr><attr><attrlabl Sync="TRUE">IncidentNa</attrlabl><attalias Sync="TRUE">IncidentNa</attalias><attrtype Sync="TRUE">String</attrtype><attwidth Sync="TRUE">50</attwidth><atprecis Sync="TRUE">0</atprecis><attscale Sync="TRUE">0</attscale></attr><attr><attrlabl Sync="TRUE">FeatureCat</attrlabl><attalias Sync="TRUE">FeatureCat</attalias><attrtype Sync="TRUE">String</attrtype><attwidth Sync="TRUE">50</attwidth><atprecis Sync="TRUE">0</atprecis><attscale Sync="TRUE">0</attscale></attr><attr><attrlabl Sync="TRUE">CreateDate</attrlabl><attalias Sync="TRUE">CreateDate</attalias><attrtype Sync="TRUE">Date</attrtype><attwidth Sync="TRUE">8</attwidth><atprecis Sync="TRUE">0</atprecis><attscale Sync="TRUE">0</attscale><attrdef Sync="TRUE">CreateDate</attrdef></attr><attr><attrlabl Sync="TRUE">CreateName</attrlabl><attalias Sync="TRUE">CreateName</attalias><attrtype Sync="TRUE">String</attrtype><attwidth Sync="TRUE">50</attwidth><atprecis Sync="TRUE">0</atprecis><attscale Sync="TRUE">0</attscale><attrdef Sync="TRUE">CreateName</attrdef></attr><attr><attrlabl Sync="TRUE">EditName</attrlabl><attalias Sync="TRUE">EditName</attalias><attrtype Sync="TRUE">String</attrtype><attwidth Sync="TRUE">50</attwidth><atprecis Sync="TRUE">0</atprecis><attscale Sync="TRUE">0</attscale><attrdef Sync="TRUE">EditName</attrdef></attr><attr><attrlabl Sync="TRUE">FeatureSta</attrlabl><attalias Sync="TRUE">FeatureSta</attalias><attrtype Sync="TRUE">String</attrtype><attwidth Sync="TRUE">20</attwidth><atprecis Sync="TRUE">0</atprecis><attscale Sync="TRUE">0</attscale></attr><attr><attrlabl Sync="TRUE">GISAcres</attrlabl><attalias Sync="TRUE">GISAcres</attalias><attrtype Sync="TRUE">Double</attrtype><attwidth Sync="TRUE">19</attwidth><atprecis Sync="TRUE">0</atprecis><attscale Sync="TRUE">0</attscale><attrdef Sync="TRUE">GISAcres</attrdef></attr><attr><attrlabl Sync="TRUE">GlobalID</attrlabl><attalias Sync="TRUE">GlobalID</attalias><attrtype Sync="TRUE">String</attrtype><attwidth Sync="TRUE">38</attwidth><atprecis Sync="TRUE">0</atprecis><attscale Sync="TRUE">0</attscale><attrdef Sync="TRUE">GlobalID</attrdef></attr><attr><attrlabl Sync="TRUE">IRWINID</attrlabl><attalias Sync="TRUE">IRWINID</attalias><attrtype Sync="TRUE">String</attrtype><attwidth Sync="TRUE">50</attwidth><atprecis Sync="TRUE">0</atprecis><attscale Sync="TRUE">0</attscale><attrdef Sync="TRUE">IRWINID</attrdef></attr><attr><attrlabl Sync="TRUE">DateCurren</attrlabl><attalias Sync="TRUE">DateCurren</attalias><attrtype Sync="TRUE">Date</attrtype><attwidth Sync="TRUE">8</attwidth><atprecis Sync="TRUE">0</atprecis><attscale Sync="TRUE">0</attscale></attr><attr><attrlabl Sync="TRUE">ContactNam</attrlabl><attalias Sync="TRUE">ContactNam</attalias><attrtype Sync="TRUE">String</attrtype><attwidth Sync="TRUE">50</attwidth><atprecis Sync="TRUE">0</atprecis><attscale Sync="TRUE">0</attscale></attr><attr><attrlabl Sync="TRUE">ContactEma</attrlabl><attalias Sync="TRUE">ContactEma</attalias><attrtype Sync="TRUE">String</attrtype><attwidth Sync="TRUE">50</attwidth><atprecis Sync="TRUE">0</atprecis><attscale Sync="TRUE">0</attscale></attr><attr><attrlabl Sync="TRUE">ContactPho</attrlabl><attalias Sync="TRUE">ContactPho</attalias><attrtype Sync="TRUE">String</attrtype><attwidth Sync="TRUE">25</attwidth><atprecis Sync="TRUE">0</atprecis><attscale Sync="TRUE">0</attscale></attr><attr><attrlabl Sync="TRUE">PolygonDat</attrlabl><attalias Sync="TRUE">PolygonDat</attalias><attrtype Sync="TRUE">Date</attrtype><attwidth Sync="TRUE">8</attwidth><atprecis Sync="TRUE">0</atprecis><attscale Sync="TRUE">0</attscale></attr><attr><attrlabl Sync="TRUE">MapMethod</attrlabl><attalias Sync="TRUE">MapMethod</attalias><attrtype Sync="TRUE">String</attrtype><attwidth Sync="TRUE">25</attwidth><atprecis Sync="TRUE">0</atprecis><attscale Sync="TRUE">0</attscale><attrdef Sync="TRUE">MapMethod</attrdef></attr><enttyp><enttypl Sync="TRUE">WA-OWF-000453_SchneiderSprings</enttypl><enttypt Sync="TRUE">Feature Class</enttypt><enttypc Sync="TRUE">0</enttypc></enttyp><attr><attrlabl Sync="TRUE">SHAPE_Leng</attrlabl><attalias Sync="TRUE">SHAPE_Leng</attalias><attrtype Sync="TRUE">Double</attrtype><attwidth Sync="TRUE">19</attwidth><atprecis Sync="TRUE">0</atprecis><attscale Sync="TRUE">0</attscale></attr><attr><attrlabl Sync="TRUE">Incident_C</attrlabl><attalias Sync="TRUE">Incident_C</attalias><attrtype Sync="TRUE">String</attrtype><attwidth Sync="TRUE">254</attwidth><atprecis Sync="TRUE">0</atprecis><attscale Sync="TRUE">0</attscale></attr><attr><attrlabl Sync="TRUE">Incident_N</attrlabl><attalias Sync="TRUE">Incident_N</attalias><attrtype Sync="TRUE">String</attrtype><attwidth Sync="TRUE">254</attwidth><atprecis Sync="TRUE">0</atprecis><attscale Sync="TRUE">0</attscale></attr><attr><attrlabl Sync="TRUE">Date</attrlabl><attalias Sync="TRUE">Date</attalias><attrtype Sync="TRUE">String</attrtype><attwidth Sync="TRUE">254</attwidth><atprecis Sync="TRUE">0</atprecis><attscale Sync="TRUE">0</attscale></attr><attr><attrlabl Sync="TRUE">DateFlown</attrlabl><attalias Sync="TRUE">DateFlown</attalias><attrtype Sync="TRUE">String</attrtype><attwidth Sync="TRUE">254</attwidth><atprecis Sync="TRUE">0</atprecis><attscale Sync="TRUE">0</attscale></attr><attr><attrlabl Sync="TRUE">TimeFlown</attrlabl><attalias Sync="TRUE">TimeFlown</attalias><attrtype Sync="TRUE">String</attrtype><attwidth Sync="TRUE">254</attwidth><atprecis Sync="TRUE">0</atprecis><attscale Sync="TRUE">0</attscale></attr><attr><attrlabl Sync="TRUE">TimeZone</attrlabl><attalias Sync="TRUE">TimeZone</attalias><attrtype Sync="TRUE">String</attrtype><attwidth Sync="TRUE">254</attwidth><atprecis Sync="TRUE">0</atprecis><attscale Sync="TRUE">0</attscale></attr><attr><attrlabl Sync="TRUE">GIS_Acres_</attrlabl><attalias Sync="TRUE">GIS_Acres_</attalias><attrtype Sync="TRUE">Double</attrtype><attwidth Sync="TRUE">19</attwidth><atprecis Sync="TRUE">0</atprecis><attscale Sync="TRUE">0</attscale></attr><attr><attrlabl Sync="TRUE">Shape_Le_1</attrlabl><attalias Sync="TRUE">Shape_Le_1</attalias><attrtype Sync="TRUE">Double</attrtype><attwidth Sync="TRUE">19</attwidth><atprecis Sync="TRUE">0</atprecis><attscale Sync="TRUE">0</attscale></attr><attr><attrlabl Sync="TRUE">SHAPE_Area</attrlabl><attalias Sync="TRUE">Shape_Area</attalias><attrtype Sync="TRUE">Double</attrtype><attwidth Sync="TRUE">19</attwidth><atprecis Sync="TRUE">0</atprecis><attscale Sync="TRUE">0</attscale><attrdef Sync="TRUE">Area of feature in internal units squared.</attrdef><attrdefs Sync="TRUE">Esri</attrdefs><attrdomv><udom Sync="TRUE">Positive real numbers that are automatically generated.</udom></attrdomv></attr></detailed></eainfo><dataIdInfo><envirDesc Sync="TRUE">Microsoft Windows 10 Version 10.0 (Build 22631) ; Esri ArcGIS 13.3.0.52636</envirDesc><dataLang><languageCode value="eng" Sync="TRUE"></languageCode><countryCode value="USA" Sync="TRUE"></countryCode></dataLang><idCitation><resTitle Sync="TRUE">WA-OWF-000453_SchneiderSprings</resTitle><presForm><PresFormCd value="005" Sync="TRUE"></PresFormCd></presForm></idCitation><spatRpType><SpatRepTypCd value="001" Sync="TRUE"></SpatRepTypCd></spatRpType></dataIdInfo><mdLang><languageCode value="eng" Sync="TRUE"></languageCode><countryCode value="USA" Sync="TRUE"></countryCode></mdLang><distInfo><distFormat><formatName Sync="TRUE">Shapefile</formatName></distFormat><distTranOps><transSize Sync="TRUE">0.000</transSize></distTranOps></distInfo><mdHrLv><ScopeCd value="005" Sync="TRUE"></ScopeCd></mdHrLv><mdHrLvName Sync="TRUE">dataset</mdHrLvName><refSysInfo><RefSystem><refSysID><identCode code="4326" Sync="TRUE"></identCode><idCodeSpace Sync="TRUE">EPSG</idCodeSpace><idVersion Sync="TRUE">6.2(3.0.1)</idVersion></refSysID></RefSystem></refSysInfo><spatRepInfo><VectSpatRep><geometObjs Name="WA-OWF-000453_SchneiderSprings"><geoObjTyp><GeoObjTypCd value="002" Sync="TRUE"></GeoObjTypCd></geoObjTyp><geoObjCnt Sync="TRUE">0</geoObjCnt></geometObjs><topLvl><TopoLevCd value="001" Sync="TRUE"></TopoLevCd></topLvl></VectSpatRep></spatRepInfo><spdoinfo><ptvctinf><esriterm Name="WA-OWF-000453_SchneiderSprings"><efeatyp Sync="TRUE">Simple</efeatyp><efeageom code="4" Sync="TRUE"></efeageom><esritopo Sync="TRUE">FALSE</esritopo><efeacnt Sync="TRUE">0</efeacnt><spindex Sync="TRUE">FALSE</spindex><linrefer Sync="TRUE">FALSE</linrefer></esriterm></ptvctinf></spdoinfo><mdDateSt Sync="TRUE">20240913</mdDateSt></metadata>
